Title,Year
Poltergeist,1982
A Haunted House 2,2014
New World,2013
Fantozzi to the Rescue,1990
Rambo: First Blood Part II,1985
Would I Lie to You?,1997
Cheap Thrills,2013
Bedtime Stories,2008
Pusher,1996
The Twilight Samurai,2002
What Men Want,2019
The Innocents,1961
Monster Hunter,2020
The Gendarme Takes Off,1970
Mesrine: Public Enemy #1,2008
Never Back Down: No Surrender,2016
Best of the Best,1989
Last Night,2010
The Shack,2017
My Spy The Eternal City,2024
Avalon,2001
Lionheart,1990
Love & Basketball,2000
A Million Miles Away,2023
Shadows in Paradise,1986
Insomnia,2002
Death Race: Beyond Anarchy,2018
Explorers,1985
The Wonder,2022
Horse Fever,1976
A Whisker Away,2020
Spider,2002
Rambo: Last Blood,2019
Grace of Monaco,2014
Our Friend,2019
Secretary,2002
Suicide Squad: Hell to Pay,2018
Still Alice,2014
"Yes, God, Yes",2020
Any Given Sunday,1999
Escape to Victory,1981
Lost and Delirious,2001
The Thomas Crown Affair,1999
Collateral Beauty,2016
Dracula,1931
Unlawful Entry,1992
Sullivan's Travels,1941
Star Wars: Episode I - The Phantom Menace,1999
Sanctum,2011
How I Became a Superhero,2020
The Wailing,2016
Draft Day,2014
Scenes from a Marriage,1974
Kung Fury,2015
Quick Change,1990
Wallace & Gromit: The Curse of the Were-Rabbit,2005
Hot Shots! Part Deux,1993
Family Guy Presents: Stewie Griffin: The Untold Story,2005
About Schmidt,2002
Before Sunrise,1995
Barbie Presents: Thumbelina,2009
The Brood,1979
The Sheriff and the Satellite Kid,1979
Along with the Gods: The Last 49 Days,2018
Bachelor Party,1984
Tag,2015
Looper,2012
Capote,2005
Promise at Dawn,2017
The Girl Who Kicked the Hornet's Nest,2009
The Ghost and the Darkness,1996
An Unfinished Life,2005
Carrie Pilby,2017
Her,2013
The Gray Man,2022
Belle and Sebastian: The Adventure Continues,2015
The Mule,2018
Us,2019
The Haunting,1963
The Manchurian Candidate,1962
Mirai,2018
The Nightmare Before Christmas,1993
Pacific Rim,2013
The French Connection,1971
A Hidden Life,2019
Mary and The Witch's Flower,2017
Believe Me: The Abduction of Lisa McVey,2018
All Eyez on Me,2017
I Am Not a Serial Killer,2016
Godzilla,2014
Great Expectations,2012
Going the Distance,2010
UHF,1989
House of Flying Daggers,2004
Mr. Turner,2014
Lady Bird,2017
Santa Claus Is a Stinker,1982
Labor Day,2013
Falling for Christmas,2022
Night of the Living Dead,1968
Tetsuo: The Iron Man,1989
The Pelican Brief,1993
"Batman: The Dark Knight Returns, Part 1",2012
Hellboy,2004
Vantage Point,2008
The Shiny Shrimps,2019
Rise of the Guardians,2012
High Noon,1952
It's a Wonderful Life,1946
Return,1975
Frosty the Snowman,1969
The Changeling,1980
Five Nights at Freddy's,2023
The Manchurian Candidate,2004
The Night Comes for Us,2018
Sophie Scholl: The Final Days,2005
A Streetcar Named Desire,1951
Curious George,2006
The Insult,2017
Summer Wars,2009
Annette,2021
Throw Momma from the Train,1987
Spirited Away,2001
Gabriel's Inferno,2020
The Mustang,2019
The Cat o' Nine Tails,1971
28 Weeks Later,2007
Amadeus,1984
Free Willy 3: The Rescue,1997
Sex and the City 2,2010
Avengers: Age of Ultron,2015
"Me, Myself and Mum",2013
Super Troopers,2001
The Instigators,2024
Professor Marston and the Wonder Women,2017
National Lampoon's Loaded Weapon 1,1993
The Fabulous Baker Boys,1989
Rock Star,2001
Mirrors,2008
The Boy in the Striped Pyjamas,2008
Nowhere,2023
Shadow of the Vampire,2000
The Getaway,1972
Leave No Trace,2018
Sneakers,1992
Then Came You,2018
Kung Fu Panda: Secrets of the Furious Five,2008
My Summer in Provence,2014
Devotion,2022
K-19: The Widowmaker,2002
Woman of the Hour,2024
Alien Resurrection,1997
Veronica Mars,2014
The Wolf Man,1941
Army of Darkness,1992
The Family Plan,2023
The Ferpect Crime,2004
Mad City,1997
Geostorm,2017
Spree,2020
Shadow,2018
Leaving Las Vegas,1995
Remember Sunday,2013
Hunger,2023
Fracture,2007
Falcon Rising,2014
Cujo,1983
Lonely Hearts,2006
Enough Said,2013
Coraline,2009
The Chaser,2008
Cinderella,2015
Last Night in Soho,2021
The Dreamers,2003
Barbie Fairytopia: Magic of the Rainbow,2007
What About Bob?,1991
Sea Fever,2020
Ran,1985
I Origins,2014
Where Hands Touch,2018
The Beautician and the Beast,1997
Terrifier,2018
Spun,2003
Upgrade,2018
The Piano Teacher,2001
A Good Year,2006
Under Siege,1992
The Unholy,2021
The Courier,2020
Resident Evil: Degeneration,2008
Priceless,2006
Someone Great,2019
Mean Creek,2004
White House Down,2013
Crisis,2021
Honey 2,2011
Barbie: A Perfect Christmas,2011
The Secret World of Arrietty,2010
"I, Robot",2004
Sand Castle,2017
The Hollars,2016
Asterix and Cleopatra,1968
White Heat,1949
Heaven Is for Real,2014
The Pacifier,2005
Nymphomaniac: Vol. II,2013
Megaboa,2021
Talcum Powder,1982
The Legend of 1900,1998
Kingpin,1996
Drive My Car,2021
Batman and Harley Quinn,2017
The Wolf of Snow Hollow,2020
Apollo 13,1995
The King of Comedy,1982
Intolerance: Love's Struggle Throughout the Ages,1916
We Are the Nobles,2013
Alice Through the Looking Glass,2016
Orgazmo,1998
Nomadland,2021
Redeeming Love,2022
The Secret of NIMH,1982
Black Dynamite,2009
The Past,2013
Lilya 4-ever,2002
Blindspotting,2018
Mission: Impossible - Rogue Nation,2015
Event Horizon,1997
The Last Man on Earth,1964
Star Trek Beyond,2016
American Reunion,2012
The Art of Racing in the Rain,2019
South Park: Post COVID: The Return of COVID,2021
The Great Train Robbery,1903
The Son of Bigfoot,2017
The Replacements,2000
Pale Rider,1985
Lady and the Tramp II: Scamp's Adventure,2001
True Story,2015
My Fault: London,2025
Witness for the Prosecution,1957
Perfect Strangers,2016
Dragon Ball Z: Cooler's Revenge,1991
Batman,1966
Interceptor,2022
The Orphanage,2007
Flavors of Youth,2018
Emma,1996
For Your Eyes Only,1981
The Last Samurai,2003
The Post,2017
The Motorcycle Diaries,2004
The Babadook,2014
Westworld,1973
Play,2019
Kill Your Darlings,2013
Bad Moms,2016
"I Love You, Man",2009
Ballerina,2023
Dave,1993
The Tin Drum,1979
Hercules,1997
Dogtooth,2009
Serenity,2005
Scarlet Street,1945
Rudderless,2014
The Lobster,2015
The Quiet Girl,2022
The Valet,2022
The Haunting in Connecticut,2009
The Chronicles of Riddick: Dark Fury,2004
Memories,1995
Jack,1996
Primary Colors,1998
Obvious Child,2014
Now You See Me,2013
Limitless,2011
Enola Holmes 2,2022
Reservation Road,2007
Furiosa: A Mad Max Saga,2024
Soul Surfer,2011
Lone Star,1996
Surf's Up,2007
Police Story: Lockdown,2013
Bullhead,2011
Patema Inverted,2013
Brain on Fire,2017
Gemini Man,2019
The Third Man,1949
We Can Be Heroes,2020
Emma.,2020
Dragon Ball Z: The Return of Cooler,1992
What a Beautiful Day,2011
A-X-L,2018
Bright,2017
Clerks,1994
Truth,2015
The Big Chill,1983
Escobar: Paradise Lost,2014
Take This Waltz,2011
The Trial of the Chicago 7,2020
Scream,2022
Rob-B-Hood,2006
Oxygen,2021
Sunrise: A Song of Two Humans,1927
Michael Collins,1996
Orlando,1992
Chocolate,2008
Tess,1979
Pokémon Detective Pikachu,2019
Eli,2019
A Perfect Man,2015
Werewolves Within,2021
Annie,2014
The Boss Baby: Christmas Bonus,2022
Agora,2009
Hearts in Atlantis,2001
Jaws 2,1978
Roma,1972
Leaves of Grass,2009
Undisputed III: Redemption,2010
Selma,2014
The Nun II,2023
Black Death,2010
Encanto,2021
I'm Still Here,2024
Army of Shadows,1969
How the Grinch Stole Christmas!,1966
RocknRolla,2008
Wish I Was Here,2014
Superman II: The Richard Donner Cut,2006
Silence,2016
The Batman vs. Dracula,2005
Doodlebug,1997
Le Brio,2017
Bananas,1971
Charlotte's Web,1973
The Offering,2022
Blood & Gold,2023
What's Your Number?,2011
This Is Where I Leave You,2014
Terminator 2: Judgment Day,1991
Lords of Dogtown,2005
A Writer's Odyssey,2021
Dog Day Afternoon,1975
Ask Me If I'm Happy,2000
Spotlight,2015
A Midsummer Night's Dream,1999
Hamilton,2020
Greenland,2020
The Sacrifice,1986
Mufasa: The Lion King,2024
Rollerball,1975
The Bourne Identity,2002
Another Round,2020
Nine to Five,1980
Like a Cat on a Highway 2,2021
To Live,1994
Come and See,1985
Happy Family,2010
MirrorMask,2005
A Prophet,2009
Evil Dead,2013
The Little Rascals,1994
Demon Slayer -Kimetsu no Yaiba- The Movie: Mugen Train,2020
The Hate U Give,2018
Chaplin,1992
Secretariat,2010
Running on Empty,1988
Sword Art Online: The Movie – Ordinal Scale,2017
The Jack in the Box: Awakening,2022
Deadpool & Wolverine,2024
The Little Devil,1988
Deep Impact,1998
The Young Girls of Rochefort,1967
The Immature,2011
Armageddon Time,2022
The Seventh Continent,1989
Ugetsu,1953
Sleeping Beauty,1959
Dawn of the Planet of the Apes,2014
Temple Grandin,2010
The People Under the Stairs,1991
The Life Aquatic with Steve Zissou,2004
Never Back Down,2008
Happy Feet,2006
American Wedding,2003
Band of Outsiders,1964
The Coldest Game,2019
Wall Street: Money Never Sleeps,2010
Margin Call,2011
Minari,2021
Those People,2015
The Great Raid,2005
City of God,2002
Waitress,2007
RRRrrrr!!!,2004
Hush,2016
Contraband,2012
Batman: Mask of the Phantasm,1993
Who You Think I Am,2019
The Seventh Seal,1957
The Madagascar Penguins in a Christmas Caper,2005
Ocean Waves,1994
Frozen Fever,2015
Sleeper,1973
Ricky Gervais: Humanity,2018
The Hummingbird Project,2019
The Visitors II: The Corridors of Time,1998
The Punisher: Dirty Laundry,2012
Below Her Mouth,2017
"Live Twice, Love Once",2019
Waiting for Bojangles,2021
American Made,2017
Zabriskie Point,1970
Yojimbo,1961
Looney Tunes: Back in Action,2003
The Killing,1956
Nebraska,2013
Dead Men Don't Wear Plaid,1982
Dheepan,2015
Ip Man,2008
Tinker Bell and the Great Fairy Rescue,2010
Scooby-Doo! in Where's My Mummy?,2005
Journey to the Center of the Earth,1959
The Salton Sea,2002
Marvel One-Shot: Item 47,2012
Where the Crawdads Sing,2022
Pi,1998
Concussion,2015
Crying Freeman,1995
Kill,2024
Liberal Arts,2012
Eyes Wide Shut,1999
The Day After Tomorrow,2004
Moana 2,2024
Father of the Bride Part II,1995
The Dictator,2012
The Christmas Chronicles,2018
3-Iron,2004
The Space Between Us,2017
One Cut of the Dead,2017
Pokémon Heroes,2002
Entrapment,1999
Phenomenon,1996
Shin Godzilla,2016
You Won't Be Alone,2022
The Sea Inside,2004
Jurassic World Dominion,2022
A Touch of Sin,2013
Wonder Woman,2017
Police Academy,1984
Red State,2011
My Father's Violin,2022
On the Basis of Sex,2018
Blade of the Immortal,2017
The East,2013
While You Were Sleeping,1995
Pierrot le Fou,1965
Mandela: Long Walk to Freedom,2013
Sin Nombre,2009
Bleed for This,2016
Ordet,1955
Thursday,1998
Flash Gordon,1980
Don't Stop Me Now,2019
Anger Management,2003
Step Up All In,2014
Ong Bak,2003
On Her Majesty's Secret Service,1969
The Angels' Share,2012
The Green Mile,1999
Antlers,2021
Tora! Tora! Tora!,1970
Taxi Driver,1976
Scrooge,1951
The Possession,2012
Hustlers,2019
The First Great Train Robbery,1978
The Man Who Knew Too Much,1934
The Long Goodbye,1973
Kin,2018
The World to Come,2021
Barbie and the Three Musketeers,2009
Scouts Guide to the Zombie Apocalypse,2015
Castaway on the Moon,2009
The Goldfinch,2019
Pearl,2022
Everyone Says I Love You,1996
Skins,2017
The Family Man,2000
A Night at the Opera,1935
It's Kind of a Funny Story,2010
The Suicide Shop,2012
Custody,2018
Rashomon,1950
Pokémon the Movie: Mewtwo Strikes Back - Evolution,2019
Blade,1998
The Tourist,2010
May God Save Us,2016
Little Tickles,2018
W.,2008
The Producers,2005
Time Trap,2018
Edward Scissorhands,1990
Mr. & Mrs. Smith,2005
Celebrity,1998
Fracchia The Human Beast,1981
Look Away,2018
The Lord of the Rings: The Return of the King,2003
On My Skin,2018
Can't Hardly Wait,1998
Room in Rome,2010
The Voices,2014
A Mighty Heart,2007
Chungking Express,1994
"Maggie Simpson in ""The Longest Daycare""",2012
The Usual Suspects,1995
Interstella 5555: The 5tory of the 5ecret 5tar 5ystem,2003
Captain Marvel,2019
Rurouni Kenshin: The Final,2021
Backdraft,1991
And Then There Were None,1945
Spaceman,2024
Their Finest,2017
Holy Spider,2022
Snatch,2000
Kelly's Heroes,1970
Black Sheep,1996
Living,2022
Kill Bill: Vol. 1,2003
Waterworld,1995
For Love and Gold,1966
Jacob's Ladder,1990
The Collection,2012
Hell or High Water,2016
Monkey Shines,1988
Fall,2022
The Joneses,2010
The Mummy Returns,2001
Deadpool: No Good Deed,2017
Amour,2012
Beavis and Butt-Head Do America,1996
La Notte,1961
Ghost,1990
Lady and the Tramp,1955
The Sisterhood of the Traveling Pants,2005
The Square,2017
Flightplan,2005
Hunter Hunter,2020
Tin Cup,1996
His Secret Life,2001
La Ceremonie,1995
The Conspirator,2011
Hello World,2019
Georgia Rule,2007
Project X,2012
Twin Dragons,1992
A.I. Artificial Intelligence,2001
Night Train to Lisbon,2013
A Boy and His Dog,1975
People Like Us,2012
Voices of a Distant Star,2002
The Legend Is Born: Ip Man,2010
The Way Back,2020
Fabricated City,2017
The Vanished,2020
Alpha,2018
The Blue Lagoon,1980
Barfi!,2012
D2: The Mighty Ducks,1994
Subservience,2024
Big George Foreman,2023
The Hobbit,1977
Chaos Walking,2021
No Man's Land,2001
Clash of the Titans,1981
The 'Burbs,1989
Midnight Express,1978
All That Jazz,1979
Barbie as The Princess & the Pauper,2004
Crash,2005
Indiana Jones and the Last Crusade,1989
The Blues Brothers,1980
The Hunted,2003
Chitty Chitty Bang Bang,1968
Sympathy for Mr. Vengeance,2002
Endless Love,2014
When the Game Stands Tall,2014
Pride & Prejudice,2005
The Book Thief,2013
John Q,2002
Valerian and the City of a Thousand Planets,2017
Mannequin,1987
The Swimming Pool,1969
9 Month Stretch,2013
The Love Punch,2014
Buffalo Soldiers,2002
Alice and the Mayor,2019
Paper Lives,2021
The Fifth Element,1997
Office Space,1999
Halloween Ends,2022
Appleseed,2004
"Josee, the Tiger and the Fish",2020
Juno,2007
Like Stars on Earth,2007
John Wick,2014
Flyboys,2006
Burlesque,2010
Napoleon Dynamite,2004
Paris,2008
The Kitchen,2019
Mallrats,1995
Manitou's Shoe,2001
Big Hero 6,2014
Chupa,2023
The Conjuring,2013
Labyrinth of Lies,2014
Meg 2: The Trench,2023
3:10 to Yuma,2007
Rocky,1976
Fast X,2023
The Girl in the Spider's Web,2018
All Star Superman,2011
Unknown Origins,2020
Ong Bak 3,2010
Akeelah and the Bee,2006
Stardust Memories,1980
Three Men and a Leg,1997
The Consequences of Love,2004
Ip Man: The Final Fight,2013
"Good Morning, Vietnam",1987
Hotel Rwanda,2004
El mesero,2021
The Cellar,2022
Raise the Red Lantern,1991
Roald Dahl's The Witches,2020
Interstellar,2014
Elysium,2013
Heartbreakers,2001
Reign of the Supermen,2019
The Killing Fields,1984
Far from the Tree,2021
The Barbarian Invasions,2003
The Basketball Diaries,1995
Need for Speed,2014
Free Willy,1993
Teen Titans: The Judas Contract,2017
Captain America: Brave New World,2025
Twisters,2024
"OSS 117: Cairo, Nest of Spies",2006
Short Circuit 2,1988
The Passion of Joan of Arc,1928
Henry: Portrait of a Serial Killer,1986
Gone in Sixty Seconds,2000
Memphis Belle,1990
Dead Man,1995
Charlie's Angels,2019
Umberto D.,1952
Safety Last!,1923
The Man Without a Past,2002
House of Usher,1960
Paranoid Park,2007
Licorice Pizza,2021
The White Ribbon,2009
"Synecdoche, New York",2008
Saint Seiya: Legend of Sanctuary,2014
St. Elmo's Fire,1985
Coma,2020
Stranger Than Fiction,2006
Extraction,2020
Hotel Artemis,2018
Jackie,2016
Emily the Criminal,2022
The Spy Who Loved Me,1977
Saving Mr. Banks,2013
Pirates of the Caribbean: At World's End,2007
Brief Encounter,1945
"Quo Vadis, Aida?",2021
Where the Wild Things Are,2009
Scent of a Woman,1992
Forever My Girl,2018
Manderlay,2005
Godzilla x Kong: The New Empire,2024
Out of Africa,1985
V/H/S/2,2013
Persona,1966
The Santa Clause,1994
Nimona,2023
Fatal Attraction,1987
Stagecoach,1939
One Piece Film: GOLD,2016
Friday Night Lights,2004
House,1985
My Girl,1991
The Day of the Jackal,1973
Blind Fury,1989
High Lane,2009
The Gods Must Be Crazy,1980
The Quiet Earth,1985
Insidious: The Last Key,2018
Beautiful Disaster,2023
Days of Being Wild,1990
Inherit the Wind,1960
True Lies,1994
Apocalypse Z: The Beginning of the End,2024
Run,2020
Belle and Sebastian,2013
Lilo & Stitch 2: Stitch Has a Glitch,2005
Scary Movie,2000
Shottas,2002
A Coffee in Berlin,2012
The Perfect Host,2010
Conclave,2024
Lady Vengeance,2005
Stan & Ollie,2018
Elisa & Marcela,2019
Rugrats Go Wild,2003
Mechanic: Resurrection,2016
"Watch Out, We're Mad",1974
Conan the Destroyer,1984
Ginger Snaps 2: Unleashed,2004
Nausicaä of the Valley of the Wind,1984
"Angus, Thongs and Perfect Snogging",2008
Onward,2020
Romeo + Juliet,1996
Sliding Doors,1998
Inside Out,2015
Maid in Manhattan,2002
The Paramedic,2020
Cradle 2 the Grave,2003
Local Hero,1983
Riders of Justice,2020
Keith,2008
Men,2022
The Last Song,2010
Unlocked,2023
Sister Act 2: Back in the Habit,1993
The Distinguished Gentleman,1992
Ice Age: Continental Drift,2012
The Knight Before Christmas,2019
The Day of the Beast,1995
Seconds,1966
Breakdown,1997
Match Point,2005
Antwone Fisher,2002
Zombieland: Double Tap,2019
Toy Story 3,2010
Never Rarely Sometimes Always,2020
Deconstructing Harry,1997
The Edge,1997
Chained,2012
The Lady from Shanghai,1947
Insidious: Chapter 2,2013
The Man with Two Brains,1983
"Black Cat, White Cat",1998
Johnny Stecchino,1991
Four Flies on Grey Velvet,1971
The Lady Vanishes,1938
Heavy Metal,1981
Zodiac,2007
Dragons: Dawn of the Dragon Racers,2014
Go,1999
Alan Partridge: Alpha Papa,2013
Muppets Most Wanted,2014
Possessor,2020
Mixed by Erry,2023
Purple Noon,1960
Escape from Pretoria,2020
Roma,2018
Fresh,2022
Bird Box,2018
The Swan,2023
The Holiday Calendar,2018
Whip It,2009
The Patriot,2000
Mulan: Rise of a Warrior,2009
The Red Sea Diving Resort,2019
The Man Who Killed Don Quixote,2018
Harry Potter and the Deathly Hallows: Part 1,2010
The Best Exotic Marigold Hotel,2012
Double Jeopardy,1999
Yara,2021
Spy,2015
Behind the Candelabra,2013
Miracle in Cell No. 7,2013
"Love, Simon",2018
Stand by Me,1986
Defendor,2009
Talk to Her,2002
Lucy Shimmers and the Prince of Peace,2020
Leave the World Behind,2023
Wonder Boys,2000
The Fugitives,1986
Johnny Got His Gun,1971
Marvel One-Shot: All Hail the King,2014
Winter Light,1963
Monte Carlo,2011
Partysaurus Rex,2012
The Man Who Shot Liberty Valance,1962
The Matrix Resurrections,2021
Bad Words,2013
The Net,1995
The Theory of Everything,2014
The Thin Red Line,1998
Fireworks,2017
Proof of Life,2000
The Girl Next Door,2007
Elizabeth: The Golden Age,2007
Trouble with the Curve,2012
Operation Christmas Drop,2020
Au Hasard Balthazar,1966
The Condemned,2007
Invasion of the Body Snatchers,1978
Gangs of New York,2002
Lost Highway,1997
A Single Man,2009
The Babysitter: Killer Queen,2020
Loveless,2017
Big Miracle,2012
Abominable,2019
Seven Brides for Seven Brothers,1954
Spooks: The Greater Good,2015
Mr. Holmes,2015
The Runaways,2010
Bean,1997
Ain't Them Bodies Saints,2013
Poetry,2010
The Homesman,2014
The World Is Yours,2018
The Quiet American,2002
Silver Streak,1976
Fear Street: 1666,2021
X,2022
Jack Ryan: Shadow Recruit,2014
The Return of the Pink Panther,1975
1492: Conquest of Paradise,1992
The Mystery of Henri Pick,2019
Swades,2004
The Trip,2021
"Everything, Everything",2017
One Life,2023
What If,2013
Public Friends,2016
The Help,2011
Ruthless People,1986
City of the Living Dead,1980
Awake,2007
Prisoners,2013
The Abyss,1989
Jeanne du Barry,2023
Your Name.,2016
Gantz,2010
In the Realm of the Senses,1976
Knick Knack,1989
One Missed Call,2003
Christmas Inheritance,2017
Trolls Holiday,2017
Wedding Unplanned,2017
Halloween,1978
Bingo: The King of the Mornings,2017
Eternal Sunshine of the Spotless Mind,2004
Dazed and Confused,1993
Wild Tales,2014
Watchmen,2009
Fighting,2009
San Andreas,2015
Jumper,2008
American Pie 2,2001
The Forever Purge,2021
Red Cliff,2008
Source Code,2011
Batman,1989
Harry Potter and the Deathly Hallows: Part 2,2011
The End?,2017
Germinal,1993
Rise,2022
White Squall,1996
Arthur,1981
Rififi,1955
A Ghost Story,2017
The Incredibles,2004
Fractured,2019
My Name Is Khan,2010
A Perfect Murder,1998
Romper Stomper,1992
6 Bullets,2012
The Messenger,2009
Nowhere Boy,2009
American Assassin,2017
Eddie Murphy Raw,1987
Three Kings,1999
The Man in the Iron Mask,1998
Zelig,1983
A History of Violence,2005
Boss Level,2021
Kalifornia,1993
The Student and Mister Henri,2015
The Postman Always Rings Twice,1946
White Chicks,2004
Daisies,1966
Infernal Affairs II,2003
Creepshow 2,1987
The Wizard of Lies,2017
12 Strong,2018
Close Range,2015
Saltburn,2023
Toc Toc,2017
La Dolce Vita,1960
The Adam Project,2022
Big Stan,2007
Animal Kingdom,2010
The Adventures of Pinocchio,1972
Through a Glass Darkly,1961
Glass,2019
His Girl Friday,1940
Sully,2016
Johnny English Reborn,2011
Fullmetal Alchemist the Movie: Conqueror of Shamballa,2005
Spanish Affair,2014
Faster,2010
The Best of Me,2014
Counter Investigation,2007
Bumblebee,2018
The Advent Calendar,2021
The Money Pit,1986
Grumpier Old Men,1995
Beetlejuice Beetlejuice,2024
My Mom Is a Character 3,2019
21 Jump Street,2012
Ovosodo,1997
The Loved Ones,2010
Neon Genesis Evangelion: The End of Evangelion,1997
The Marvels,2023
Lethal Weapon,1987
Mickey 17,2025
The Wild Goose Lake,2019
Kung Fu Panda 2,2011
CHiPS,2017
Indiana Jones and the Temple of Doom,1984
Look Back,2024
How to Talk to Girls at Parties,2017
Matthias & Maxime,2019
Kingsman: The Golden Circle,2017
Team Thor: Part 2,2017
Duplex,2003
The Beasts,2022
Dial M for Murder,1954
She's the Man,2006
Resolution,2012
Tomb Raider,2018
The Hours,2002
Caché,2005
Extraordinary Measures,2010
What Happens in Vegas,2008
Dragon Ball Z: Broly - The Legendary Super Saiyan,1993
Never Look Away,2018
Case 39,2009
The Pursuit of Happyness,2006
Wrong Turn,2003
Irma la Douce,1963
The Cure,1995
Midnight Cowboy,1969
L.A. Story,1991
Live by Night,2016
Bowfinger,1999
Harry Potter and the Half-Blood Prince,2009
Days of Glory,2006
Zambezia,2012
The Secret Garden,2020
Bloodsport,1988
Ghosted,2023
Sissi: The Young Empress,1956
Significant Other,2022
Fear and Loathing in Las Vegas,1998
Village of the Damned,1960
Lone Wolf McQuade,1983
Life of the Party,2018
Fritz the Cat,1972
The Young and the Damned,1950
Dragon Ball Z: Bojack Unbound,1993
Coup de Chance,2023
Point Blank,2019
Kingdom of the Planet of the Apes,2024
Seven Samurai,1954
The Hitcher,1986
The Gentlemen,2020
The Dark Crystal,1982
A League of Their Own,1992
Batman Beyond: Return of the Joker,2000
That Christmas,2024
Stepmom,1998
Cry-Baby,1990
The Young and Prodigious T.S. Spivet,2013
The Giver,2014
Reds,1981
Sabrina,1954
X-Men: Apocalypse,2016
Atlas,2024
The Prince of Egypt,1998
In Good Company,2004
Jumpin' Jack Flash,1986
F9,2021
No Escape,2015
Doubt,2008
Peeping Tom,1960
Alice,1990
Idle Hands,1999
Operation Red Sea,2018
The Unbearable Weight of Massive Talent,2022
Millions,2004
South Park: Post COVID,2021
Tangled Ever After,2012
Upstream Color,2013
A Serious Man,2009
Annabelle: Creation,2017
The Judge,2014
Welcome to the South,2010
Fright Night,2011
A Man Called Otto,2022
Big Trouble in Little China,1986
Uncle Boonmee Who Can Recall His Past Lives,2010
Resident Evil: Afterlife,2010
All the Way Boys,1972
A Brighter Tomorrow,2023
Runaway Bride,1999
Spirited,2022
Ghost in the Shell 2.0,2008
Futurama: The Beast with a Billion Backs,2008
Diabolique,1955
This Is England,2007
Invasion,2020
Final Score,2018
Burn Out,2018
Summer with Monika,1953
Fairy Tail: Dragon Cry,2017
Southern Comfort,1981
Bodies Bodies Bodies,2022
Challengers,2024
"Love, Guaranteed",2020
Bad Trip,2021
Blood Red Sky,2021
Bride of Re-Animator,1990
The Animal Kingdom,2023
The Substitute,1996
Blue Velvet,1986
Blade II,2002
6 Souls,2010
Very Bad Things,1998
Scooby-Doo 2: Monsters Unleashed,2004
The Boondock Saints,1999
Quills,2000
Breaking Surface,2020
The English Patient,1996
Stray Dog,1949
Gone with the Wind,1939
Causeway,2022
Tuck Everlasting,2002
22 vs. Earth,2021
Major Grom: Plague Doctor,2021
Aquarius,2016
Fantastic Beasts: The Crimes of Grindelwald,2018
Rust and Bone,2012
Fair Game,2010
The Company You Keep,2012
A Lonely Place to Die,2011
Corpse Bride,2005
The Client,1994
Beautiful Girls,1996
Pirates of the Caribbean: The Curse of the Black Pearl,2003
Nighthawks,1981
Bones and All,2022
Pretty in Pink,1986
Barbie Fairytopia: Mermaidia,2006
Fahrenheit 451,1966
Rent,2005
Creed,2015
Sweet Smell of Success,1957
Deathstroke: Knights & Dragons - The Movie,2020
Miracle at St. Anna,2008
The Illusionist,2006
The Wizard of Oz,1939
Greta,2019
Countdown,2019
Don't Look Now,1973
Rocky IV,1985
Children of the Sea,2019
For Love or Money,1993
RETURN,1985
"Alexander and the Terrible, Horrible, No Good, Very Bad Day",2014
Sun in Buckets,2013
Center Stage,2000
New Kids Turbo,2010
Double Lover,2017
Kundun,1997
Vincent,1982
Inferno,1999
Grandma's Boy,2006
Kristy,2014
Planet Hulk,2010
Adam,2009
Odds and Evens,1978
Venus in Fur,2013
"Paris, 13th District",2021
Resident Evil: Vendetta,2017
Killing Them Softly,2012
Beauty and the Beast,1946
John Dies at the End,2013
Ad Vitam,2025
Along with the Gods: The Two Worlds,2017
"To Wong Foo, Thanks for Everything! Julie Newmar",1995
The Witch: Part 2. The Other One,2022
And Now for Something Completely Different,1971
Get the Gringo,2012
Valhalla Rising,2009
Antitrust,2001
Bridget Jones's Baby,2016
Tokyo Ghoul,2017
Prison Break: The Final Break,2009
Timecop,1994
Dante's Peak,1997
Otherhood,2019
Sea of Love,1989
The Flowers of War,2011
Pirates of the Caribbean: On Stranger Tides,2011
Escape Room,2019
The Next Three Days,2010
The Strangers,2008
A Nightmare on Elm Street,1984
Titane,2021
Leprechaun Returns,2018
High Tension,2003
Bastille Day,2016
Bye Bye Morons,2020
Denial,2016
Suicide Club,2001
Imagine Me & You,2006
The Amityville Horror,1979
A Man Escaped,1956
Nosferatu,2024
My Darling Clementine,1946
October Sky,1999
The Tearsmith,2024
Erased,2012
Cool Hand Luke,1967
Zero Fucks Given,2022
Stargate: Continuum,2008
The Hustler,1961
Non-Stop,2014
April Fool's Day,1986
Rob Roy,1995
Ladder 49,2004
The Naked Gun: From the Files of Police Squad!,1988
Live Flesh,1997
The Sea Beast,2022
Mary Magdalene,2018
The Discreet Charm of the Bourgeoisie,1972
Full Speed,2016
Star Trek: First Contact,1996
The Prom,2020
Opera,1987
Howl's Moving Castle,2004
Force 10 from Navarone,1978
Moonwalkers,2015
Wonder Wheel,2017
Village of the Damned,1995
Men of Honor,2000
The Decameron,1971
If Anything Happens I Love You,2020
Candy Jar,2018
Drive,2011
Retribution,2015
Scooby-Doo on Zombie Island,1998
The Connection,2014
The Squid and the Whale,2005
A Hard Day,2014
Peter Rabbit 2: The Runaway,2021
"4 Months, 3 Weeks and 2 Days",2007
The Dark Knight,2008
Blue Beetle,2023
Mulan II,2004
[REC],2007
Lamborghini: The Man Behind the Legend,2022
Shelter,2007
Cleopatra,1963
Things We Lost in the Fire,2007
The Pope's Exorcist,2023
Death Race 2000,1975
The Batman,2022
Borgman,2013
We Bought a Zoo,2011
Justice League Dark,2017
Like Water for Chocolate,1992
Hard Candy,2005
Some Like It Hot,1959
The Purple Rose of Cairo,1985
Persepolis,2007
Sharpay's Fabulous Adventure,2011
Eagle Eye,2008
"Confess, Fletch",2022
The Uninvited,2009
The Electric State,2025
Onibaba,1964
Barney's Version,2010
Never Back Down 2: The Beatdown,2011
Stage Fright,1950
Victor/Victoria,1982
Transformers One,2024
Barbie: Spy Squad,2016
Whatsoeverly,2011
Sorcerer,1977
Warriors of Future,2022
Project A,1983
Bruised,2020
Godzilla,1954
The International,2009
Snake in the Eagle's Shadow,1978
Mortal Kombat,2021
Sweet Bean,2015
Jerry & Marge Go Large,2022
A Boss in the Living Room,2014
Skin,2019
Father There Is Only One 2,2020
There's Still Tomorrow,2023
Rear Window,1954
The Imitation Game,2014
A Matter of Loaf and Death,2008
Camp Rock 2: The Final Jam,2010
Minnal Murali,2021
The Realm,2018
The Mad Adventures of Rabbi Jacob,1973
Dragon Hunters,2008
Ice Age,2002
Sisu,2022
The Red Balloon,1956
Shutter,2004
Il ragazzo di campagna,1984
Saved!,2004
Enchanted,2007
Divergent,2014
Anomalisa,2015
X-Men,2000
Dallas Buyers Club,2013
Rurouni Kenshin Part I: Origins,2012
Goodnight Mommy,2022
Eyes Without a Face,1960
The Queen,2006
Death on the Nile,1978
Step Up,2006
Goliath,2022
The Edge of Heaven,2007
50/50,2011
The Kings of Summer,2013
Reversal of Fortune,1990
My Girl 2,1994
Father of the Bride,1991
A Silent Voice: The Movie,2016
Rebel Moon - Part One: A Child of Fire,2023
Charlie and the Chocolate Factory,2005
"McFarland, USA",2015
Ruby Sparks,2012
Iron Man 3,2013
Captain America: The Winter Soldier,2014
Operation Condor,1991
Return of the Tooth Fairy,2020
The Amityville Horror,2005
Wolf Man,2025
Legends of Oz: Dorothy's Return,2014
One Piece Film Red,2022
Sunshine,2007
Teenage Mutant Ninja Turtles: Mutant Mayhem,2023
The Invisible Guest,2017
Das Boot,1981
Joe: The Busybody,1971
House of 1000 Corpses,2003
Rich in Love,2020
Kind Hearts and Coronets,1949
The Shawshank Redemption,1994
A Matter of Life and Death,1946
V for Vendetta,2006
Ink,2009
No Time to Die,2021
The Nice Guys,2016
The Truth About Cats & Dogs,1996
The Phantom of the Opera,2004
Dragon Ball Z: Super Android 13!,1992
Resident Evil: The Final Chapter,2016
Dragon Ball Z: Dead Zone,1989
Tolo Tolo,2020
Burning,2018
The Stuff,1985
Frailty,2002
The Painted Veil,2006
Australia,2008
F/X,1986
The Eagle Has Landed,1976
Fellini Satyricon,1969
Man Up,2015
Raw,2016
About Last Night,2014
The Return,2003
DragonHeart,1996
The First Beautiful Thing,2010
The Big Sleep,1946
Honest Thief,2020
The Stepford Wives,1975
Alive,1993
Blown Away,1994
Tie Me Up! Tie Me Down!,1990
The Wizards Return: Alex vs. Alex,2013
Six Degrees of Separation,1993
Poor but Rich,2016
Rising Sun,1993
Dark Water,2002
The Savages,2007
Anplagghed al cinema,2006
The Iron Lady,2011
Happy Death Day 2U,2019
Summer of 84,2018
Shaft,1971
Mistress America,2015
While We're Young,2015
The Bandit,1996
Unknown,2006
Kickboxer,1989
The Disaster Artist,2017
Knock,2017
Jesus Christ Superstar,1973
Brave,2012
Hitchcock,2012
Two Women,1960
Dressed to Kill,1980
Insidious: The Red Door,2023
"Girl, Interrupted",1999
Saw,2004
Elemental,2023
Halloween Kills,2021
Papillon,2017
The Turin Horse,2011
Starship Troopers,1997
Citizen X,1995
Olympus Has Fallen,2013
Fallen Leaves,2023
Mermaids,1990
Erin Brockovich,2000
Shoot the Piano Player,1960
1BR,2019
Chronicle,2012
Key Largo,1948
Precious,2009
The Last Word,2017
A California Christmas,2020
Samba,2014
High School Musical 2,2007
The Remains of the Day,1993
Fargo,1996
Niagara,1953
Sound of Metal,2020
No Strings Attached,2011
Shaft,2019
An Education,2009
Bolt,2008
The Little Death,2014
The Spirit of the Beehive,1973
Falling in Love,1984
Ruby & Quentin,2003
Derailed,2005
Spectral,2016
Ong Bak 2,2008
Bridesmaids,2011
Dragon Blade,2015
Prey,2024
E.T. the Extra-Terrestrial,1982
Compliance,2012
Saint Maud,2020
Along Came a Spider,2001
Blood Ties,2013
Home Alone 2: Lost in New York,1992
The Road Within,2014
Finding Forrester,2000
Bad Genius,2017
Casino Royale,2006
Gerry,2002
Jamon Jamon,1992
Leopardi,2014
Nobody Knows,2004
Flashback,2020
Presumed Innocent,1990
X-Men: Days of Future Past,2014
Cars 2,2011
Indecent Proposal,1993
The Killer,2023
The Silencing,2020
Return,2011
Beau Travail,2000
The Lego Ninjago Movie,2017
Pitch Perfect 2,2015
The Collini Case,2019
The Monster Squad,1987
The Whole Nine Yards,2000
Juice,1992
Water Lilies,2007
The Girl Who Leapt Through Time,2006
Happiness,1998
The Mummy,1932
Miss Potter,2006
Penguins of Madagascar,2014
The Meg,2018
The Adventures of Baron Munchausen,1988
A Christmas Carol,1984
The Blob,1958
Blockers,2018
The Postcard Killings,2020
Transporter 3,2008
Young & Beautiful,2013
Control,2007
Brigsby Bear,2017
BlacKkKlansman,2018
Bajrangi Bhaijaan,2015
I Can Quit Whenever I Want,2014
Waking Ned,1998
Paycheck,2003
The Lucky One,2012
Dreamer: Inspired By a True Story,2005
The Life Ahead,2020
The Mitchells vs. the Machines,2021
God's Not Dead 2,2016
The Crazies,1973
The 40 Year Old Virgin,2005
Miss Congeniality,2000
Ice Age: The Great Egg-Scapade,2016
Quigley Down Under,1990
Grandma,2015
My Best Friend's Wedding,1997
A Quiet Place Part II,2021
Robin Hood,2010
Everything Must Go,2011
Barbie: The Princess & the Popstar,2012
Babysitting 2,2015
True Crime,1999
Lifeforce,1985
Vesper,2022
Bride of Chucky,1998
The Whistleblower,2010
Crank: High Voltage,2009
Star Trek: The Motion Picture,1979
Brokeback Mountain,2005
Mr. Peabody & Sherman,2014
To Live and Die in L.A.,1985
Groundhog Day,1993
Cross of Iron,1977
Kiki's Delivery Service,1989
The Endless,2017
Total Recall,2012
Journey to the Center of the Earth,2008
Drag Me to Hell,2009
Phantom of the Paradise,1974
Star,2001
After Hours,1985
Pain and Glory,2019
Fragile,2005
A Cinderella Story,2004
Son of Batman,2014
White Fang,1991
The Hunger Games: Catching Fire,2013
Liar Liar,1997
The Hawks and the Sparrows,1966
Ikiru,1952
Days of Thunder,1990
The Round Up,2010
The Kid with a Bike,2011
Chicken Run: Dawn of the Nugget,2023
Last Flag Flying,2017
"Yesterday, Today and Tomorrow",1963
Day for Night,1973
Mark Felt: The Man Who Brought Down the White House,2017
Winnie-the-Pooh: Blood and Honey 2,2024
Before the Fall,2004
Fast & Furious Presents: Hobbs & Shaw,2019
Homeward Bound II: Lost in San Francisco,1996
OSS 117: Lost in Rio,2009
Grave Encounters,2011
Renaissance Man,1994
Love Me If You Dare,2003
Sin City: A Dame to Kill For,2014
Street Flow,2019
Trust,2010
Underworld: Awakening,2012
Children of Paradise,1945
Unbreakable,2000
The Skeleton Key,2005
42,2013
The Hidden Face,2011
Black Panther,2018
Puncture,2011
Pusher II,2004
Jingle Jangle: A Christmas Journey,2020
Hellbound: Hellraiser II,1988
Toy Story,1995
Truman,2015
Hackers,1995
Hotel Chevalier,2007
Rush,2013
"Maggie Simpson in ""Playdate with Destiny""",2020
Better Off Dead...,1985
Inkheart,2008
The Public Enemy,1931
Home,2015
The Limey,1999
Jurassic Park,1993
Hanna,2011
Smoke,1995
"The Boy, the Mole, the Fox and the Horse",2022
Punch-Drunk Love,2002
Running Scared,2006
Carrie,2002
Two Weeks Notice,2002
Django Unchained,2012
The Bucket List,2007
Deadpool 2,2018
Forbidden Planet,1956
Saboteur,1942
Jujutsu Kaisen 0,2021
Cadet Kelly,2002
Dumped,2018
Wolf Children,2012
Austin Powers: International Man of Mystery,1997
Jaws,1975
The Bodyguard,1992
Single White Female,1992
Madagascar: Escape 2 Africa,2008
"Salò, or the 120 Days of Sodom",1976
Vicky and Her Mystery,2021
Sister Act,1992
Desperado,1995
The Astronaut Farmer,2007
Spider-Man: Homecoming,2017
Miracles from Heaven,2016
Better Days,2019
Kill List,2011
Rescue Dawn,2006
Resident Evil: Death Island,2023
Companion,2025
Barbie and the Magic of Pegasus,2005
Hostiles,2017
Ferrari,2023
A Street Cat Named Bob,2016
Johnny Guitar,1954
Le Gendarme de Saint-Tropez,1964
Critters 2,1988
The Deep End of the Ocean,1999
Supernova,2020
The Producers,1968
School Ties,1992
The Highwaymen,2019
Blow-Up,1966
Mr. Brooks,2007
7 Prisoners,2021
Death Sentence,2007
Winter's Bone,2010
I Can Quit Whenever I Want 3: Ad Honorem,2017
I Saw the TV Glow,2024
Belle's Magical World,1998
Tinker Tailor Soldier Spy,2011
Magnum Force,1973
The 100 Year-Old Man Who Climbed Out the Window and Disappeared,2013
Saving Private Ryan,1998
The Four Feathers,2002
Max,2015
The Worst Week of My Life,2011
The Duke,2021
Sing 2,2021
Rumble in the Bronx,1995
Transformers: The Last Knight,2017
At Eternity's Gate,2018
Palmer,2021
Strange World,2022
Inside,2007
Howards End,1992
Bill & Ted's Excellent Adventure,1989
The Children Act,2018
Mr. Deeds Goes to Town,1936
Miller's Crossing,1990
Mystic River,2003
It's What's Inside,2024
Do Revenge,2022
Dry,2022
Chicago,2002
Upside Down,2012
The Prodigy,2019
Womb,2010
Life in a Year,2020
Au Revoir les Enfants,1987
Buffalo '66,1998
Spider-Man 3,2007
Zom 100: Bucket List of the Dead,2023
Secret Window,2004
Poor Things,2023
Blood Work,2002
Pig,2021
The Eyes of Tammy Faye,2021
Charlie Countryman,2013
Marriage Italian Style,1964
The Quake,2018
Girlhood,2014
Teen Wolf,1985
Tell No One,2006
Halloweentown,1998
The Land Before Time III: The Time of the Great Giving,1995
Tamara,2016
Dragon Ball Z: Resurrection 'F',2015
License to Drive,1988
The Kindergarten Teacher,2018
Alibi.com,2017
Christine,2016
Life Is Beautiful,1997
Hector and the Search for Happiness,2014
The House at the End of Time,2013
Zulu,1964
The Best of Youth,2003
The Under-Gifted,1980
The Ledge,2022
Tom Clancy's Without Remorse,2021
Hidalgo,2004
Into the Wild,2007
A Fall from Grace,2020
The Legendary Giulia and Other Miracles,2015
A Bad Moms Christmas,2017
Red Dog,2011
Paranormal Activity,2007
The Family Stone,2005
Step Brothers,2008
Smile 2,2024
Parker,2013
Barry Lyndon,1975
Rush Hour 3,2007
The Bridge on the River Kwai,1957
The Inbetweeners Movie,2011
Sunset Boulevard,1950
Evangelion: 3.0 You Can (Not) Redo,2012
It's a Boy Girl Thing,2006
The Hedgehog,2009
Army of Thieves,2021
Cruella,2021
The Lovers on the Bridge,1991
Lord of the Flies,1990
The Lincoln Lawyer,2011
Godzilla vs. Kong,2021
Guns Akimbo,2020
My Life as a Zucchini,2016
Knowing,2009
White Bird in a Blizzard,2014
Shrek 2,2004
Father There Is Only One,2019
Mine,2016
I Lost My Body,2019
Knocked Up,2007
Army of the Dead,2021
Mr. Nobody,2009
Insurgent,2015
C.R.A.Z.Y.,2005
Animal House,1978
The Immigrant,2013
American Psycho,2000
The Change-Up,2011
Extremely Loud & Incredibly Close,2011
Gran Torino,2008
McCabe & Mrs. Miller,1971
Everybody Knows,2018
The Concert,2009
How the Grinch Stole Christmas,2000
One Piece: The Movie,2000
Limelight,1952
Speak,2004
Wonder Woman: Bloodlines,2019
Vanilla Sky,2001
Love Lies Bleeding,2024
Don't Be Bad,2015
AINBO: Spirit of the Amazon,2021
Deepwater Horizon,2016
Don't Let Go,2019
High Crimes,2002
An American Crime,2007
Tales from the Crypt: Demon Knight,1995
Runaway Jury,2003
Seoul Station,2016
Stonehearst Asylum,2014
2046,2004
Snake Eyes: G.I. Joe Origins,2021
The X-Files,1998
"Where'd You Go, Bernadette",2019
The Fountain,2006
Sweet November,2001
The Hunger Games: The Ballad of Songbirds & Snakes,2023
Fantastic Beasts: The Secrets of Dumbledore,2022
The Legend of Drunken Master,1994
Screamers,1995
Superman: Red Son,2020
Transcendence,2014
Candy Cane Lane,2023
Pineapple Express,2008
Tango & Cash,1989
Code 8 Part II,2024
Borat: Cultural Learnings of America for Make Benefit Glorious Nation of Kazakhstan,2006
Nocturnal Animals,2016
First Love,2019
A Shot in the Dark,1964
Miss Sloane,2016
Doctor Strange,2007
The Magnificent Seven,2016
Love & Friendship,2016
Frantz,2016
Central Intelligence,2016
U Turn,1997
Love and Monsters,2020
The Last of the Mohicans,1992
Thor,2011
Worth,2021
Summer of Sam,1999
The Crime Is Mine,2023
Killer's Kiss,1955
April and the Extraordinary World,2015
Once Upon a Snowman,2020
Hotel Transylvania: Transformania,2022
Miller's Girl,2024
Don't Be a Menace to South Central While Drinking Your Juice in the Hood,1996
100% Wolf,2020
Into the Storm,2014
Suspiria,1977
A Time to Kill,1996
Melody Time,1948
The Damned United,2009
Midnight Run,1988
Winnie the Pooh,2011
Prince of Darkness,1987
Moby Dick,1956
I'm Starting from Three,1981
The Score,2001
Ladyhawke,1985
The Seven Deadly Sins: Cursed by Light,2021
Wimbledon,2004
xXx: Return of Xander Cage,2017
Return,1972
The Tigger Movie,2000
Luxo Jr.,1986
Body Bags,1993
Kikujiro,1999
Deadwood: The Movie,2019
Foxcatcher,2014
Blood: The Last Vampire,2000
Space Cowboys,2000
Nurse Betty,2000
The Mortal Instruments: City of Bones,2013
"Crouching Tiger, Hidden Dragon",2000
Captain America: The First Avenger,2011
Wolf Creek 2,2013
Filth,2013
The Big Year,2011
Departures,2008
Find Me Guilty,2006
I Am Love,2010
The Rundown,2003
Trapped,2002
Ju-on: The Grudge,2002
Child's Play 2,1990
Battle of the Year,2013
"To Sir, with Love",1967
Wrath of Man,2021
Audition,2000
Moonstruck,1987
Morning Glory,2010
Pokémon the Movie 2000,1999
The Farewell,2019
Night Moves,1975
Holiday in the Wild,2019
Brokedown Palace,1999
Fireproof,2008
"What's Up, Doc?",1972
The Man Who Knew Too Much,1956
Last Shift,2014
Jungle,2017
Darkman,1990
Paper Man,2009
Spirit: Stallion of the Cimarron,2002
Klaus,2019
The Asphalt Jungle,1950
Mike and Dave Need Wedding Dates,2016
The Shallows,2016
Happy-Go-Lucky,2008
Wallace & Gromit: Vengeance Most Fowl,2024
Mulholland Dr.,1999
Airheads,1994
Fantastic Beasts and Where to Find Them,2016
The Hills Have Eyes,1977
Leroy & Stitch,2006
A Christmas Story,1983
The Invasion,2007
Fly Away Home,1996
Reality Bites,1994
Billy Lynn's Long Halftime Walk,2016
Suffragette,2015
Strangeness,2022
Police Story,1985
Kong: Skull Island,2017
Compartment No. 6,2021
Elle,2016
A Clockwork Orange,1971
Freaky,2020
Moon,2009
Barton Fink,1991
We Own the Night,2007
Man on the Moon,1999
Hannah and Her Sisters,1986
Papillon,1973
Big Time Adolescence,2020
Hang 'em High,1968
Spirit Untamed,2021
The Adventures of Tintin,2011
Underdogs,2013
Taxidermia,2006
I'm Still Here,2010
Louder Than Bombs,2015
Shoplifters,2018
The Lost Daughter,2021
National Lampoon's European Vacation,1985
Stalingrad,2013
An American Werewolf in London,1981
Thelma,2017
Wer,2013
The Weather Man,2005
Miracle,2004
King Richard,2021
Confessions of a Brazilian Call Girl,2011
A Dark Song,2016
Tidal Wave,2009
Shaun of the Dead,2004
The Way,2010
When Harry Met Sally...,1989
Life,2015
Game of Death,1978
National Lampoon's Vacation,1983
Pete's Dragon,2016
Kingdom of Heaven,2005
The Marquis of Grillo,1981
World War Z,2013
Ace in the Hole,1951
Kung Fu Panda 4,2024
Badland Hunters,2024
The Great Gatsby,2013
With Every Heartbeat,2011
The Science of Sleep,2006
Me and Earl and the Dying Girl,2015
Mamma Mia! Here We Go Again,2018
The Hunchback of Notre Dame,1996
Hacker,2016
On Golden Pond,1981
Afflicted,2014
The Garfield Movie,2024
Jeepers Creepers,2001
Birth,2004
Black Hawk Down,2001
Mona Lisa Smile,2003
Have You Met Claudia?,2004
Chennai Express,2013
His House,2020
The Jungle Book,1967
The Fugitive,1993
Tale of Tales,2015
A Little Chaos,2015
365 Days,2020
The Dark Knight Rises,2012
Extraction 2,2023
Arachnophobia,1990
Skyfall,2012
Dagon,2001
Repulsion,1965
Repo! The Genetic Opera,2008
Bubble,2022
8 Women,2002
10 Cloverfield Lane,2016
Little Nicholas,2009
Stitch! The Movie,2003
Tall Girl,2019
Silent Running,1972
For Love of the Game,1999
In Time,2011
Palm Trees in the Snow,2015
Fletch Lives,1989
The Muppet Christmas Carol,1992
My Little Pony: A New Generation,2021
Dead Man's Shoes,2004
The Addams Family,1991
Michael Jackson's Thriller,1983
Red One,2024
La Bamba,1987
Somewhere,2010
The Sugarland Express,1974
The Spectacular Now,2013
The Running Man,1987
Evolution,2001
25th Hour,2002
Miraculous World: Shanghai - The Legend of Ladydragon,2021
The Little Mermaid: Ariel's Beginning,2008
Return,1985
Tin Toy,1988
Clifford the Big Red Dog,2021
(500) Days of Summer,2009
Mr. Smith Goes to Washington,1939
Aquaman and the Lost Kingdom,2023
Lions for Lambs,2007
Dumb Money,2023
The Little Things,2021
The Innocents,2016
Mr. Mom,1983
Serial Mom,1994
The Avengers,2012
Rugrats in Paris: The Movie,2000
My Brother Is an Only Child,2007
My Babysitter's a Vampire,2010
Barefoot in the Park,1967
Strictly Ballroom,1992
Fish Tank,2009
We Are Your Friends,2015
I Now Pronounce You Chuck & Larry,2007
Death Wish,1974
Johnny English Strikes Again,2018
Angel Has Fallen,2019
Argylle,2024
Geek Charming,2011
Airport,1970
The Soloist,2009
The Old Man & the Gun,2018
Blazing Saddles,1974
Dunkirk,2017
The Call,2013
The Iceman,2012
Wasp Network,2020
Constantine: City of Demons - The Movie,2018
Beyond the Universe,2022
The Zookeeper's Wife,2017
Radioactive,2020
Chasing Amy,1997
Honor Society,2022
My Hero Academia: Heroes Rising,2019
The Cooler,2003
Mary Poppins Returns,2018
The Kissing Booth 3,2021
Night Watch,2004
Sucker Punch,2011
The One I Love,2014
Everybody's Fine,2009
The Princess Switch: Switched Again,2020
My Dinner with Andre,1981
Ilsa: She Wolf of the SS,1975
Friday After Next,2002
Basic Instinct,1992
Timecrimes,2007
Red Tails,2012
We Live in Time,2024
Evangelion: 2.0 You Can (Not) Advance,2009
IF,2024
The Party,1968
Housebound,2014
The Incredible Hulk,2008
No Way Out,1987
Newness,2017
Phineas and Ferb the Movie: Candace Against the Universe,2020
Dogma,1999
Gonjiam: Haunted Asylum,2018
Stuart Little,1999
Hansel & Gretel: Witch Hunters,2013
Sick of Myself,2022
The Ipcress File,1965
Kandahar,2023
Red Cliff II,2009
King of California,2007
"sex, lies, and videotape",1989
Bāhubali 2: The Conclusion,2017
Che: Part Two,2008
The Company Men,2010
Thank You for Your Service,2017
Death Race,2008
Sonic the Hedgehog 3,2024
The Last Mercenary,2021
Freaks,2019
Chocolat,2016
Elite Squad: The Enemy Within,2010
Fire in the Sky,1993
The Brothers Bloom,2008
"Don't Worry, I'm Fine",2006
The Lord of the Rings: The Fellowship of the Ring,2001
The Silence,2019
Date Night,2010
The Village,2004
Sleepy Hollow,1999
Red Sparrow,2018
Medieval,2022
Bringing Out the Dead,1999
Crank,2006
Jojo Rabbit,2019
Delivery Man,2013
The Emperor of Paris,2018
Kiki: Love to Love,2016
Watership Down,1978
The Weekend Away,2022
After We Fell,2021
Patton,1970
Constantine,2005
The Keeper of Lost Causes,2013
I Am Number Four,2011
Puss in Boots: The Last Wish,2022
Star Wars,1977
Sniper: The White Raven,2022
Matilda,1996
Boyka: Undisputed IV,2016
Late Spring,1949
Peter Pan,2003
Evangelion: 3.0+1.0 Thrice Upon a Time,2021
Remember Me,2010
Black Narcissus,1947
20th Century Women,2016
Return,
Paris Je T'aime,2006
The Witch: Part 1. The Subversion,2018
Don't Breathe 2,2021
The Debt,2010
Battlestar Galactica: Razor,2007
I Am Dragon,2015
Miami Supercops,1985
Sleuth,1972
Tel chi el telùn,1999
The Rock,1996
Don't Move,2024
Terrifier 3,2024
Gunfight at the O.K. Corral,1957
Baby's Day Out,1994
When We First Met,2018
Moonfall,2022
Halloween,2018
Pride,2014
Z-O-M-B-I-E-S 2,2020
The Conversation,1974
T-34,2018
One Shot,2021
Fried Green Tomatoes,1991
Tales from the Darkside: The Movie,1990
Wolf Creek,2005
Outrage,2010
Seven Years in Tibet,1997
Hope Springs,2012
The Host,2006
John Wick: Chapter 2,2017
Pickpocket,1959
Peninsula,2020
The Night Before the Exams,2006
The Texas Chain Saw Massacre,1974
The Bird with the Crystal Plumage,1970
Asterix vs. Caesar,1985
Black Sabbath,1963
New Order,2020
Point of No Return,1993
Three Thousand Years of Longing,2022
Marley & Me,2008
First Man,2018
Antiporno,2017
The Eye,2002
In a Valley of Violence,2016
Beverly Hills Cop II,1987
A Walk in the Clouds,1995
Utøya: July 22,2018
Dead Calm,1989
Step Up 2: The Streets,2008
Charlie St. Cloud,2010
Heist,2015
He Was a Quiet Man,2007
It Follows,2015
The Last Kiss,2001
Avatar,2009
Arcadian,2024
Fantozzi Against the Wind,1980
Help! I'm a Fish,2000
Who Am I?,1998
Hollywoodland,2006
The SpongeBob Movie: Sponge on the Run,2020
The Muppets Take Manhattan,1984
Red Desert,1964
Whiplash,2013
My Hero Academia: Two Heroes,2018
Fist of Legend,1994
The Dirty Dozen,1967
Resident Evil: Damnation,2012
Babysitting,2014
The People vs. Larry Flynt,1996
Three Colors: Blue,1993
The Phantom Carriage,1921
Weekend,2011
More the Merrier,2021
Sweeney Todd: The Demon Barber of Fleet Street,2007
Knox Goes Away,2024
Black Mass,2015
Star Trek IV: The Voyage Home,1986
The Woodsman,2004
The Curse of the Jade Scorpion,2001
Executive Decision,1996
Dragon Ball Z: Wrath of the Dragon,1995
Little Giants,1994
Ivan Vasilyevich Changes His Profession,1973
Lolita,1962
Evil,2003
Another Earth,2011
Scooby-Doo! Return to Zombie Island,2019
Wish Dragon,2021
What Women Want,2000
The Witcher: Nightmare of the Wolf,2021
Splash,1984
Godzilla: King of the Monsters,2019
On the Line,2022
Stronger,2017
Love,2015
Mia madre,2015
Witness,1985
The Darkest Minds,2018
Kuch Kuch Hota Hai,1998
The One,2001
Sense and Sensibility,1995
Loro,2018
Those Who Wish Me Dead,2021
Falling Down,1993
Doctor Strange,2016
Azumi,2003
St. Vincent,2014
The Photographer of Mauthausen,2018
Cloudy with a Chance of Meatballs,2009
Fearless,2006
Hibernatus,1969
Blink Twice,2024
Marry Me,2022
Creep 2,2017
Gods and Monsters,1998
My Name Is Nobody,1973
Unknown,2011
Starry Eyes,2014
Play Misty for Me,1971
Shaun the Sheep Movie,2015
Tourist Trap,1979
Dora and the Lost City of Gold,2019
Till Luck Do Us Part,2012
36th Precinct,2004
The Replacement Killers,1998
Under Suspicion,2000
Outside the Wire,2021
Perfect Addiction,2023
Late Night,2019
Blue Streak,1999
Early Man,2018
Bullet Train,2022
Venom: The Last Dance,2024
Fire and Ice,1983
Heart and Souls,1993
Piper,2016
How I Live Now,2013
The Kid,2000
The Cameraman,1928
21 Grams,2003
How to Marry a Millionaire,1953
Annie,1982
Tekkonkinkreet,2006
Bianca,1984
Batman Returns,1992
Divorce Italian Style,1961
Ride Along 2,2016
Through My Window,2022
Murder by Death,1976
You're Not You,2014
Shadows and Fog,1991
The Man Who Would Be King,1975
The Infiltrator,2016
End of the Road,2022
Zoolander,2001
Sharper,2023
Pokémon: The First Movie,1998
Footloose,1984
7 and 8,2007
Parenthood,1989
Logan's Run,1976
Stand by Me Doraemon,2014
The Rugrats Movie,1998
Oscar,1991
The Flu,2013
Brooklyn,2015
Climax,2018
Careful What You Wish For,2015
The Last Black Man in San Francisco,2019
Bo Burnham: Inside,2021
Raising Arizona,1987
The Lizzie McGuire Movie,2003
Joker,2019
Red Dawn,1984
Black '47,2018
Desierto,2015
The Founder,2016
Ironclad,2011
Herbie Rides Again,1974
Camp X-Ray,2014
Do You See Me?,2014
Always Be My Maybe,2019
Bee Movie,2007
Austenland,2013
The Vikings,1958
The Last Starfighter,1984
Gravity,2013
"New York, New York",1977
Big Bad Wolves,2013
Reptile,2023
The Birth of a Nation,2016
Up,2009
Vacancy,2007
Spider-Man: Across the Spider-Verse,2023
Past Lives,2023
Prometheus,2012
In This Corner of the World,2016
Strangers on a Train,1951
Viva l'Italia,2012
Inheritance,2020
Bad Day at Black Rock,1955
Puss in Boots,2011
Marty,1955
That's Life,1998
Tae Guk Gi: The Brotherhood of War,2004
The Power of the Dog,2021
Phineas and Ferb The Movie: Across the 2nd Dimension,2011
Ant-Man,2015
The Longest Day,1962
Barbie of Swan Lake,2003
Breakfast on Pluto,2005
The Girl Next Door,2004
The Expendables 2,2012
The Hater,2020
Searching for Bobby Fischer,1993
The Nutty Professor,1963
Dirty Dancing: Havana Nights,2004
Comment c'est loin,2015
Red Heat,1988
Criminal,2016
Ratatouille,2007
Maurice,1987
The Hidden Fortress,1958
Roald Dahl's Matilda the Musical,2022
La Chèvre,1981
The Girl in the Fog,2017
Contact,1997
Happiness Never Comes Alone,2012
The Killer,2024
The Longest Ride,2015
Forever Young,1992
Toy Story 4,2019
Mamma Mia!,2008
The Bélier Family,2014
The Diving Bell and the Butterfly,2007
Farewell My Concubine,1993
What We Did on Our Holiday,2014
Wrong Cops,2013
Driving Miss Daisy,1989
Absolute Power,1997
The Host,2013
Restless,2011
Sabotage,1937
The Sixth Sense,1999
"Jeff, Who Lives at Home",2012
Noelle,2019
Delusions of Grandeur,1971
Don't Say a Word,2001
Slacker,1991
The Witches,1990
Super,2010
Steamboy,2004
Playing with Fire,2019
Attack on Titan,2015
Spectre,2015
Withnail & I,1987
Detective Dee and the Mystery of the Phantom Flame,2010
Cocoon: The Return,1988
Your Fault,2024
Jurassic World,2015
The Cabinet of Dr. Caligari,1920
It's Only the End of the World,2016
Balto III: Wings of Change,2004
Troll,2022
My Hero Academia: World Heroes' Mission,2021
A Very Long Engagement,2004
Starred Up,2014
The Closet,2001
A Perfect Getaway,2009
Irrational Man,2015
Minions,2015
Heartbreaker,2010
Gladiator,2000
Loving,2016
Return to Seoul,2022
In the Electric Mist,2009
The Twilight Saga: Eclipse,2010
Soylent Green,1973
Wyatt Earp,1994
In the Bedroom,2001
Lethal Weapon 4,1998
Finding Neverland,2004
Get Shorty,1995
Reservoir Dogs,1992
Swallow,2020
The Devil's Advocate,1997
The Exorcist,1973
Warcraft,2016
It Boy,2013
Barbie: A Fairy Secret,2011
ARQ,2016
We Need to Talk About Kevin,2011
Son of Saul,2015
The Brass Teapot,2012
Cloverfield,2008
Deliverance,1972
Greyhound,2020
Call Me by Your Name,2017
Adore,2013
The Night Before,2015
The Waterboy,1998
The Lodger: A Story of the London Fog,1927
Silverado,1985
Dead Man Down,2013
Star Trek Into Darkness,2013
The Sucker,1965
Laurence Anyways,2012
Young Guns II,1990
The Imaginarium of Doctor Parnassus,2009
Naruto the Movie: Ninja Clash in the Land of Snow,2004
Kinds of Kindness,2024
The Island,2005
Who Framed Roger Rabbit,1988
Pusher III,2005
The Out-Laws,2023
The Woman Next Door,1981
Near Dark,1987
The Guard,2011
Fitzcarraldo,1982
"The Legend of Al, John and Jack",2002
Dersu Uzala,1975
Richard Jewell,2019
Mission: Impossible - Fallout,2018
The Abominable Dr. Phibes,1971
Red Dragon,2002
Something Borrowed,2011
Friday,1995
Rosetta,1999
Nobody,2021
Jane Eyre,2011
Ice Age: The Meltdown,2006
Fantozzi Retires,1988
Safe,1995
Seabiscuit,2003
Belle,2021
Yi Yi,2000
The Invitation,2022
The Mist,2007
Harry Potter and the Prisoner of Azkaban,2004
A Lot Like Love,2005
Mediterraneo,1991
Family Switch,2023
Win Win,2011
Barbie Mariposa,2008
Sleepover,2004
Fantomas,1964
Elizabeth Harvest,2018
Justice League: The New Frontier,2008
The Big Lebowski,1998
Being John Malkovich,1999
Aquaman,2018
Elf,2003
Ricky Stanicky,2024
Just Friends,2005
2 Days in Paris,2007
The Protégé,2021
French Fried Vacation,1978
Synchronic,2020
The Book of Eli,2010
Ip Man 2,2010
Dick Tracy,1990
Swimming with Sharks,1994
Russian Dolls,2005
The Animatrix,2003
Archive,2020
Kiss of the Dragon,2001
My Man Godfrey,1936
Horrible Bosses,2011
Charlotte's Web,2006
Once Upon a Time in Mexico,2003
Total Eclipse,1995
Riley's First Date?,2015
Villains,2019
Carter,2022
The Ugly Truth,2009
Final Destination 3,2006
The Taming of the Scoundrel,1980
The Invitation,2016
Spenser Confidential,2020
5 to 7,2014
Syriana,2005
Micmacs,2009
Like a Cat on a Highway,2017
After.Life,2009
Headhunters,2011
Maverick,1994
Eiffel,2021
Who Finds a Friend Finds a Treasure,1981
Memories of Murder,2003
Death Note Relight 1: Visions of a God,2007
Blitz,2011
Ray,2004
I Don't Feel at Home in This World Anymore,2017
Chak De! India,2007
Anche se è amore non si vede,2011
Neuilly Yo Mama!,2009
How to Train Your Dragon: Homecoming,2019
Benji,2018
The Wicker Man,1973
Bird,1988
Goldfinger,1964
The House,2022
My Cousin Vinny,1992
A Bigger Splash,2015
It Happened One Night,1934
Mission: Impossible - Dead Reckoning Part One,2023
Lost in Translation,2003
"Don't Worry, He Won't Get Far on Foot",2018
John Wick: Chapter 4,2023
Les Misérables,1998
Vicky Cristina Barcelona,2008
Motherless Brooklyn,2019
The Wannabes,2022
Arthur and the Invisibles,2006
Black Crab,2022
Return to Oz,1985
Sinbad: Legend of the Seven Seas,2003
The Discovery,2017
From Hell,2001
The Birdcage,1996
"Jeanne Dielman, 23, quai du Commerce, 1080 Bruxelles",1976
Asterix: The Secret of the Magic Potion,2018
Nowhere to Run,1993
Freeway,1996
The Outcasts,2017
Stand and Deliver,1988
Paul,2011
Tokyo Story,1953
The 36th Chamber of Shaolin,1978
Ruby Red,2013
The Lookout,2007
The Raid 2,2014
The Good Boss,2021
Marrowbone,2017
The Mighty Ducks,1992
Ice Princess,2005
Confessions,2010
Balkan Line,2019
The Void,2016
The World's Fastest Indian,2005
X+Y,2014
Paprika,2006
Sputnik,2020
MaXXXine,2024
Psycho,1960
The Punisher,2004
Romeo Must Die,2000
X-Men Origins: Wolverine,2009
Field of Dreams,1989
Silkwood,1983
When Marnie Was There,2014
Mickey's Christmas Carol,1983
The Deliverance,2024
Top Five,2014
Vanishing Point,1971
The Unknown Girl,2016
Hour of the Wolf,1968
Rush Hour,1998
Troll Hunter,2010
You Can Count on Me,2000
The Normal Heart,2014
Porky's,1981
The Union,2024
The Way We Were,1973
The Idea of You,2024
Desperados,2020
Streets of Fire,1984
Empire of Light,2022
Fighting with My Family,2019
Tucker and Dale vs. Evil,2010
The Limehouse Golem,2016
Rush Hour 2,2001
The Philadelphia Experiment,1984
Kramer vs. Kramer,1979
Bill & Ted's Bogus Journey,1991
The War of the Worlds,1953
Corpus Christi,2019
Orange County,2002
Hotarubi no Mori e,2011
Don't Breathe,2016
House of Sand and Fog,2003
What Happened to Monday,2017
Speed,1994
Donkey Skin,1970
El Infierno,2010
Straw Dogs,1971
Just Wright,2010
Sarah's Key,2010
Mowgli: Legend of the Jungle,2018
The Vanishing,1993
Prey,2022
Pleasantville,1998
Batman: Hush,2019
Space Jam,1996
Taken 2,2012
But I'm a Cheerleader,2000
Chalet Girl,2011
"The Gangster, the Cop, the Devil",2019
Cop Land,1997
Three Steps Above Heaven,2010
Geri's Game,1997
Scoob!,2020
War Room,2015
Grease,1978
Star Wars: The Rise of Skywalker,2019
The Fallout,2021
The Villainess,2017
The Panic in Needle Park,1971
Us Again,2021
After the Wedding,2006
A Dog's Way Home,2019
The Croods: A New Age,2020
A Dog's Purpose,2017
Predestination,2014
A Royal Affair,2012
Thelma & Louise,1991
Moonwalker,1988
Velvet Goldmine,1998
Scooby-Doo! and Kiss: Rock and Roll Mystery,2015
High Sierra,1941
Only You,1994
Flipped,2010
Kiss Me Deadly,1955
Martin Eden,2019
Sideways,2004
Beyond Borders,2003
Paddington 2,2017
Things to Come,2016
The Believer,2001
3 Days to Kill,2014
Manhattan Murder Mystery,1993
Fallen,2016
The Grandmaster,2013
Dead Snow 2: Red vs. Dead,2014
A United Kingdom,2016
Irreversible,2002
The Seven Deadly Sins: Prisoners of the Sky,2018
The Girl Who Played with Fire,2009
The Rider,2018
My Awkward Sexual Adventure,2012
The Taking of Deborah Logan,2014
Mac & Devin Go to High School,2012
Love Story,1970
Sorry We Missed You,2019
May December,2023
Kill Your Friends,2015
Wasabi,2001
The Gods Must Be Crazy II,1989
The French Dispatch,2021
Into the Night,1985
We All Loved Each Other So Much,1974
Nappily Ever After,2018
The Assistant,2020
Dawn of the Dead,2004
Crimson Tide,1995
City of Ember,2008
Narc,2002
Il Sorpasso,1962
Stakeout,1987
On Body and Soul,2017
Deadpool,2016
The Interview,2014
Hypnotic,2021
Darkland: The Return,2023
Ammonite,2020
Just a Breath Away,2018
Burke & Hare,2010
Flawless,2007
"Honey, I Shrunk the Kids",1989
Thunderball,1965
Love Hard,2021
All the Old Knives,2022
Side Effects,2013
In Bruges,2008
She's All That,1999
The Wonderful Story of Henry Sugar,2023
The Warrior's Way,2010
Commando,1985
Martha Marcy May Marlene,2011
The War of the Roses,1989
Rumble Fish,1983
Love in the Villa,2022
Rampage,2018
Megamind,2010
Suzume,2022
Friends with Benefits,2011
The Voyeurs,2021
Buffet Froid,1979
The Curse of Bridge Hollow,2022
Riddick,2013
The Promise,2016
Devil's Knot,2013
Rookie of the Year,1993
BURN·E,2008
Rain Man,1988
Man of Tai Chi,2013
The Omen,1976
Sex Drive,2008
No Escape,1994
La Strada,1954
Good Kids,2016
Shivers,1975
The Laundromat,2019
Blades of Glory,2007
Flowers in the Attic,2014
Out of Time,2003
The Hound of the Baskervilles,1959
The Outpost,2020
Ghostbusters,1984
The Women on the 6th Floor,2011
Fast & Furious,2009
Ghost Town,2008
Cape Fear,1991
My Friends Act II,1982
Aftermath,2021
Carlito's Way,1993
The Bad Guys,2022
What a Girl Wants,2003
Accepted,2006
Polar,2019
A Walk in the Woods,2015
Long Shot,2019
The Irishman,2019
Alvin and the Chipmunks: The Road Chip,2015
Nightcrawler,2014
Beverly Hills Cop: Axel F,2024
Moxie,2021
Drumline,2002
7 Days in Hell,2015
War,2007
I Am Legend,2007
I Want You Back,2022
Star Trek II: The Wrath of Khan,1982
Toy Story That Time Forgot,2014
Let's Be Cops,2014
"Three Billboards Outside Ebbing, Missouri",2017
Dancer in the Dark,2000
Miracle on 34th Street,1994
Fantasia 2000,2000
Escape from Alcatraz,1979
From Paris with Love,2010
A Complete Unknown,2024
The Secret of Kells,2009
Killer Klowns from Outer Space,1988
The Only Living Boy in New York,2017
Project Silence,2024
Forsaken,2015
BASEketball,1998
TransSiberian,2008
Werewolf by Night,2022
Who Am I,2014
My Night at Maud's,1969
High Fidelity,2000
Dragonheart: Vengeance,2020
Miss Peregrine's Home for Peculiar Children,2016
Half Nelson,2006
The Watchers,2024
The Electrical Life of Louis Wain,2021
My Sassy Girl,2001
Rumble,2021
The Woman in Black,2012
Uncle Drew,2018
Confessions of a Shopaholic,2009
If I Stay,2014
Orphan: First Kill,2022
Gran Turismo,2023
Manon of the Spring,1986
Mad Money,2008
Dolls,1986
The New Mutants,2020
The Iron Claw,2023
Till Death,2021
Deep Red,1975
Before the Devil Knows You're Dead,2007
Octopussy,1983
22 Bullets,2010
The Big Country,1958
Carandiru,2003
Beanpole,2019
Monster,2023
Macbeth,2015
My Own Private Idaho,1991
Split,2017
The Night of the 12th,2022
Forgetting Sarah Marshall,2008
The Conformist,1970
Tinker Bell and the Lost Treasure,2009
Sonic the Hedgehog,2020
Son of God,2014
The Lost Boys,1987
Set It Up,2018
Sword of the Stranger,2007
The Leopard,1963
"Tad, the Lost Explorer",2012
The Importance of Being Earnest,2002
"Hello, Dolly!",1969
Bud Abbott and Lou Costello Meet Frankenstein,1948
The Woman King,2022
Knights of the Zodiac,2023
I Vitelloni,1953
The Call of the Wild,2020
Magic Mike's Last Dance,2023
Men in Black,1997
Prince of Persia: The Sands of Time,2010
Cinema Paradiso,1988
Kirikou and the Sorceress,1998
Law Abiding Citizen,2009
Malice,1993
Of Mice and Men,1992
Menace II Society,1993
The Wild Bunch,1969
From Up on Poppy Hill,2011
White Boy Rick,2018
Middle School: The Worst Years of My Life,2016
La luna,2012
Ford v Ferrari,2019
Kung Fu Jungle,2014
Black Widow,2021
Flight,2012
A Simple Plan,1998
God's Own Country,2017
Boundin',2003
Sherlock Holmes: A Game of Shadows,2011
Crimes and Misdemeanors,1989
Eye for an Eye,2019
Vampyr,1932
The Recruit,2003
There Will Be Blood,2007
Dirty Dancing,1987
The Card Counter,2021
The Babysitter,2017
Boston Strangler,2023
Lamp Life,2020
Flash Point,2007
The Diary of a Teenage Girl,2015
Raise Your Voice,2004
The Hangover Part III,2013
Spring,2014
Ashby,2015
Albert Nobbs,2011
We Have a Ghost,2023
Quest for Camelot,1998
Still Walking,2008
Kate,2021
Saw IV,2007
Minuscule: Valley of the Lost Ants,2013
Lovelace,2013
Mister Happiness,2017
Medicine Man,1992
The Matador,2005
The Party,1980
Cashback,2007
The Boys from Brazil,1978
Silent Hill,2006
Facing the Giants,2006
Still Life,2013
El Dorado,1966
Lifeboat,1944
Frances Ha,2013
The Good Dinosaur,2015
Toy Story of Terror!,2013
Operation Mincemeat,2022
The Three Brothers,1995
The Names of Love,2010
Breakthrough,2019
Monsters of Man,2020
Hot Rod,2007
Mortal Kombat Legends: Scorpion's Revenge,2020
Wolfwalkers,2020
Aftersun,2022
Marshland,2014
No Exit,2022
The Unlikely Prince,2013
2 Hearts,2020
The Boy and the Beast,2015
Tightrope,1984
The Heat,2013
The Magnificent Seven,1960
The Love Witch,2016
Ella Enchanted,2004
The Duke of Burgundy,2014
The Green Knight,2021
The Last Duel,2021
The Fifth Estate,2013
Tales from Earthsea,2006
The Last: Naruto the Movie,2014
Serpico,1973
Meet the Robinsons,2007
Alien: Covenant,2017
The Jane Austen Book Club,2007
Tunnel,2016
Take Shelter,2011
Barbie: A Fashion Fairytale,2010
Infinity Pool,2023
Spider-Man: Far From Home,2019
Help!,1965
The Year of Living Dangerously,1982
Out of the Clear Blue Sky,2019
Avengers: Infinity War,2018
Don't Torture a Duckling,1972
Intimacy,2001
Police Story 3: Super Cop,1992
Godmothered,2020
The Book of Henry,2017
The 33,2015
La Cage aux Folles,1978
The Man with the Golden Gun,1974
8 Mile,2002
Dungeons & Dragons: Honor Among Thieves,2023
The Bourne Ultimatum,2007
Cargo,2017
Piglet's Big Movie,2003
The Bikeriders,2024
Legend,1985
Follow Me,2020
Society of the Snow,2023
Tommy Boy,1995
Hero,2002
The Number 23,2007
The Informant!,2009
The Holdovers,2023
Blended,2014
Fist of Fury,1972
Fail Safe,1964
Hotel Transylvania,2012
Boys Don't Cry,1999
Mickey's Twice Upon a Christmas,2004
Devil,2010
Operation Y and Other Shurik's Adventures,1965
Joint Security Area,2000
The Restaurant,1966
First Cow,2020
Mike's New Car,2002
Dragon Ball Super: Broly,2018
Cries and Whispers,1972
The 13th Warrior,1999
Spies Like Us,1985
Fever Pitch,2005
Brother Bear,2003
Return to Halloweentown,2006
Sicario: Day of the Soldado,2018
She Wore a Yellow Ribbon,1949
Vampire Hunter D: Bloodlust,2000
Black Beauty,2020
"Yours, Mine & Ours",2005
EVA,2011
Payback,1999
Warlock,1989
Weird: The Al Yankovic Story,2022
Planet Terror,2007
Spaceballs,1987
Green Card,1990
The Neon Demon,2016
Scream 4,2011
All Your Faces,2023
Tarzan & Jane,2002
Wings of Desire,1987
Cronos,1993
Viridiana,1962
Mater and the Ghostlight,2006
A Life Less Ordinary,1997
The Count of Monte Cristo,2002
The Machinist,2004
Terrifier 2,2022
Straight Outta Nowhere: Scooby-Doo! Meets Courage the Cowardly Dog,2021
Casino,1995
Melinda and Melinda,2004
The Spacewalker,2017
Recess: School's Out,2001
The DUFF,2015
Three Colors: Red,1994
Pete's Dragon,1977
My Son,2021
Duel,1971
Accident Man,2018
Happy Death Day,2017
Circle,2015
Crocodile Dundee,1986
The Poughkeepsie Tapes,2007
The Grand Budapest Hotel,2014
Holes,2003
La matassa,2009
White Snake,2019
Police Academy 2: Their First Assignment,1985
A Cinderella Story: If the Shoe Fits,2016
In the Name of the Father,1993
"Tad, the Lost Explorer, and the Secret of King Midas",2017
Bros,2022
The Den,2013
A Conspiracy of Faith,2016
Snowden,2016
The Zero Theorem,2013
The Signal,2014
The Wing or the Thigh?,1976
Cha Cha Real Smooth,2022
Shutter Island,2010
Brightburn,2019
A Family Man,2016
A Very Harold & Kumar Christmas,2011
Wild Child,2008
La Maison en Petits Cubes,2008
Baghead,2023
Upgraded,2024
I Still See You,2018
Galveston,2018
Blow,2001
Heroic Losers,2019
Bull Durham,1988
Paisan,1946
The Magnificent Ambersons,1942
Charlie Bartlett,2008
Bugsy,1991
Pinocchio,2022
Speak No Evil,2024
Crazy Rich Asians,2018
New York Stories,1989
The Drop,2014
Red Joan,2018
Children of Heaven,1997
Malcolm & Marie,2021
Hard Eight,1996
Chasing Liberty,2004
Thirst,2009
Sixty Minutes,2024
Headshot,2016
First Blood,1982
National Treasure,2004
Monty Python and the Holy Grail,1975
Zatoichi,2003
The Son's Room,2001
Next,2007
Masculin Féminin,1966
Fright Night Part 2,1988
Unbroken,2014
The Gendarme in New York,1965
The Tall Blond Man with One Black Shoe,1972
Wonka,2023
Fierce Creatures,1997
Flatliners,1990
Brimstone,2016
The Player,1992
The Darjeeling Limited,2007
Radiofreccia,1998
Willy's Wonderland,2021
Hancock,2008
The Death of Superman,2018
The Water Horse,2007
Rambo,2008
District 13: Ultimatum,2009
U.S. Marshals,1998
Miss You Already,2015
Hero,1992
Civil War,2024
Ip Man 4: The Finale,2019
Solomon Kane,2009
Just Like Heaven,2005
The Way Way Back,2013
Shaolin,2011
Magnolia,1999
Kick-Ass 2,2013
Scary Stories to Tell in the Dark,2019
Dawn of the Dead,1978
Look Who's Talking,1989
Gold,2022
Bicentennial Man,1999
The Rocky Horror Picture Show,1975
Dedicated to my ex,2019
Drishyam,2015
Downton Abbey: A New Era,2022
Cocaine Bear,2023
The Empire Strikes Back,1980
NYAD,2023
The Death and Life of Bobby Z,2007
The Reader,2008
Buried,2010
Dirty Harry,1971
The Wraith,1986
Land of Mine,2015
Happy Together,1997
A Goofy Movie,1995
Cloudy with a Chance of Meatballs 2,2013
Secret in Their Eyes,2015
Traffik,2018
Futurama: Bender's Game,2008
Emergency Declaration,2022
The Quintessential Quintuplets Movie,2022
City of Angels,1998
Time Lapse,2014
My First Time,2012
Freaky Friday,2003
12 Angry Men,1997
The Thinning,2016
"I, Tonya",2017
Final Destination 5,2011
Ace of Aces,1982
Once Were Warriors,1994
Palm Springs,2020
Jobs,2013
Death in Venice,1971
Who's Afraid of Virginia Woolf?,1966
Catch Me If You Can,2002
The Majestic,2001
A Whole Life Ahead,2008
Trumbo,2015
The Prophecy,1995
Gold,2016
Wet Hot American Summer,2001
The King's Speech,2010
This Boy's Life,1993
The Snowman,1984
"Crouching Tiger, Hidden Dragon: Sword of Destiny",2016
Radio,2003
Brotherhood of the Wolf,2001
Batman: Mystery of the Batwoman,2003
Ex Machina,2015
How to Train Your Dragon 2,2014
The Parent Trap,1998
My Way,2011
Ordinary People,1980
Natural Born Killers,1994
Leviathan,2014
Swingers,1996
The Proposal,2009
August Rush,2007
Anyone But You,2023
The Blair Witch Project,1999
La La Land,2016
White Men Can't Jump,1992
Money Talks,1997
The Brutalist,2024
The Wedding Singer,1998
Cold War,2018
Bone Tomahawk,2015
Tutta colpa di Freud,2014
Con Air,1997
Cinderella III: A Twist in Time,2007
Dan in Real Life,2007
Fast & Furious 6,2013
GANTZ:O,2016
Trick 'r Treat,2007
Frankenstein,1931
Coming to America,1988
The Ritual,2017
Back to the Future Part II,1989
Detachment,2011
The Message,1976
Knife in the Water,1962
Hamburger Hill,1987
Mary and Max,2009
Murder at 1600,1997
The Summit of the Gods,2021
The Big White,2005
American Ultra,2015
Rebecca,2020
Bonnie and Clyde,1967
Singles,1992
Hair Love,2019
The Beaver,2011
Antebellum,2020
The Wages of Fear,1953
Show Me Love,1998
From the Land of the Moon,2016
The Lord of the Rings: The Two Towers,2002
The Midnight Meat Train,2008
Girls Trip,2017
Winter's Tale,2014
Kung Fu Panda 3,2016
Cat People,1982
Wayne's World,1992
Last Holiday,2006
When Evil Lurks,2023
The Half of It,2020
Dragon Ball Z: The World's Strongest,1990
Raising Helen,2004
Pokémon 4Ever,2001
The New York Ripper,1982
2 Guns,2013
Eighth Grade,2018
Revolver,2005
Extinction,2015
Point Blank,2010
Lights Out,2016
Gia,1998
Into the Labyrinth,2019
Anonymously Yours,2021
Scooby-Doo! and the Cyber Chase,2001
Freeheld,2015
Judas and the Black Messiah,2021
Wedding Crashers,2005
The Boys in the Band,2020
West Side Story,2021
School of Rock,2003
Naruto Shippuden the Movie: The Lost Tower,2010
The Ladykillers,2004
Honeymoon Trips,1995
Walking Tall,2004
Guardians of the Galaxy Vol. 3,2023
Monsieur Verdoux,1947
Delicacy,2011
Dr. No,1962
Inferno,2016
Frequency,2000
Emilia Pérez,2024
Magic in the Moonlight,2014
Sweetheart,2019
The Current War,2018
Selena,1997
Eye for an Eye,1996
Cape Fear,1962
Tangerines,2013
You Should Have Left,2020
El Camino: A Breaking Bad Movie,2019
Genius,2016
Taste of Cherry,1997
Suspiria,2018
Alice in the Cities,1974
RRR,2022
A Pure Formality,1994
The 400 Blows,1959
Le Samouraï,1967
"Merry Christmas, Mr. Lawrence",1983
Flamin' Hot,2023
Runaway Train,1985
Dumplin',2018
Tod@s Caen,2019
The Artist,2011
Me and You and Everyone We Know,2005
Rendition,2007
Demolition,2016
Special Forces,2011
Beautiful Creatures,2013
The Servant,1963
Angela's Ashes,1999
Memoirs of a Geisha,2005
The Wife,2018
Hardcore Henry,2015
Black Mirror: Bandersnatch,2018
Unstoppable,2010
Primal Fear,1996
Danny Collins,2015
The Descent,2005
First They Killed My Father,2017
The Santa Claus Gang,2010
Daddy or Mommy,2015
Dirty Rotten Scoundrels,1988
Kwaidan,1965
Rurouni Kenshin: The Beginning,2021
Moonlight,2016
12,2007
Everything Everywhere All at Once,2022
Quantum of Solace,2008
Batman: Year One,2011
In Cold Blood,1967
The Siege of Jadotville,2016
The Burning Plain,2008
Begin Again,2014
State of Play,2009
Bully,2001
Sting,2024
New Nightmare,1994
The Talented Mr. Ripley,1999
Paprika,1991
Oldboy,2003
Fantomas vs. Scotland Yard,1967
Wanted,2008
Testament of Youth,2014
A Dog's Life,1918
The Land Before Time,1988
The Way of the Dragon,1972
Men in Black II,2002
Copshop,2021
The Lodge,2020
Mighty Joe Young,1998
Shadow of a Doubt,1943
Bombshell,2019
Career Opportunities,1991
Super 8,2011
Dikkenek,2006
Little Italy,2018
Once Upon a Deadpool,2018
Piggy,2022
Halloween H20: 20 Years Later,1998
Ender's Game,2013
The Guardian,2006
A Monster Calls,2016
Mr. Holland's Opus,1995
My Spy,2020
Made in Dagenham,2010
if....,1968
One Day,2011
Atlantis: The Lost Empire,2001
Scooby-Doo and the Alien Invaders,2000
Despicable Me,2010
Elephant,2003
The Man from U.N.C.L.E.,2015
The Guernsey Literary & Potato Peel Pie Society,2018
Slumberland,2022
Short Circuit,1986
Monster Hunt,2015
In Your Eyes,2014
A Little Something Extra,2024
Love Don't Co$t a Thing,2003
Ponyo,2008
99 Francs,2007
Bo Burnham: Make Happy,2016
I'm Not Scared,2003
Once,2007
The Lives of Others,2006
Dragonfly,2002
Men in Black 3,2012
Over the Hedge,2006
Pulse,2001
Last Vegas,2013
The Little Girl Who Lives Down the Lane,1976
"One, Two, Three",1961
Peppermint,2018
Our Souls at Night,2017
Goodnight Mommy,2015
Body Double,1984
Shazam! Fury of the Gods,2023
Sleeping Dogs,2024
Hope,2013
Carnival of Souls,1962
The Rewrite,2014
The World Is Not Enough,1999
Om Shanti Om,2007
Bug,2007
Behind the Mask: The Rise of Leslie Vernon,2006
Judy,2019
Fantozzi Still Suffers,1983
Ninotchka,1939
The Losers,2010
"The Good, the Bart, and the Loki",2021
Cherry,2021
How to Steal a Million,1966
Sherlock: The Abominable Bride,2016
The BFG,2016
JUNG_E,2023
Pawn Sacrifice,2015
Red Lights,2012
Youth,2015
Beating Hearts,2024
The Trouble with You,2018
The Last Castle,2001
Ju-on: The Grudge 2,2003
Dead Again,1991
Mr. Church,2016
Gabriel's Inferno: Part II,2020
The Intouchables,2011
Halloweentown II: Kalabar's Revenge,2001
The Leisure Seeker,2018
History of the World: Part I,1981
A Close Shave,1996
Broadcast News,1987
Woman at War,2018
The Matrix Reloaded,2003
Naples in Veils,2017
Luca,2021
Keeping Mum,2005
Face/Off,1997
El Angel,2018
Rio 2,2014
Reminiscence,2021
The Great Beauty,2013
My Sister's Keeper,2009
Frozen II,2019
Naruto Shippuden the Movie: Blood Prison,2011
Remember the Titans,2000
The Company of Wolves,1984
The Last Mimzy,2007
On the Rocks,2020
Go!,2020
My Father's Glory,1990
Gattaca,1997
Back to Burgundy,2017
Superman: Doomsday,2007
Straight Outta Compton,2015
Superman/Shazam!: The Return of Black Adam,2010
Love at First Fight,2014
In the Heat of the Night,1967
Ashes of Time,1994
Klute,1971
At the End of the Tunnel,2016
Level 16,2018
Dragon: The Bruce Lee Story,1993
Would I Lie to You? 2,2001
Central Station,1998
The Myth,2005
The Matrix Revolutions,2003
A Haunting in Venice,2023
Unlocked,2017
Knight and Day,2010
Alice in Wonderland,2010
Gigi,1958
Bicycle Thieves,1948
Spider-Man,2002
Cake,2014
The Enforcer,1976
The Raven,2012
Godzilla: City on the Edge of Battle,2018
Boruto: Naruto the Movie,2015
The Lady in the Van,2015
Werckmeister Harmonies,2001
Dragons: Gift of the Night Fury,2011
The Fast and the Furious: Tokyo Drift,2006
Bad Education,2004
Didier,1997
The Way Back,2010
Another Cinderella Story,2008
Christopher Robin,2018
Cast Away,2000
I Feel Pretty,2018
Metropolis,1927
A Love Song for Bobby Long,2004
Atomic Blonde,2017
Fanboys,2009
From Dusk Till Dawn,1996
A Trip to the Moon,1902
Gorgeous,1999
The Young Karl Marx,2017
Glass Onion: A Knives Out Mystery,2022
The Isle,2000
A Private War,2018
Save the Last Dance,2001
I Came By,2022
The Misfits,1961
Devdas,2002
Pitch Perfect 3,2017
The Expendables,2010
Eden Lake,2008
The Autopsy of Jane Doe,2016
In the Land of Saints and Sinners,2023
Monsters vs Aliens,2009
The Lego Batman Movie,2017
Star Trek: Generations,1994
Apt Pupil,1998
Theorem,1968
Like Crazy,2011
The Noel Diary,2022
Wayne's World 2,1993
Stake Land,2010
Where the Heart Is,2000
Blood Father,2016
Just Another Christmas,2020
Passing,2021
The Great Escape,1963
Trouble at Timpetill,2008
The Lord of the Rings: The War of the Rohirrim,2024
Les Misérables,2019
Dune,2021
My Mom Is a Character,2013
Hit Man,2024
Ransom,1996
An Affair to Remember,1957
Rare Exports: A Christmas Tale,2010
Mr & Mme Adelman,2017
The Counterfeiters,2007
Unfaithful,2002
Twilight,2008
The Big Heat,1953
Threads,1984
The Invisibles,2019
American Honey,2016
Jennifer Eight,1992
The Grapes of Wrath,1940
One Hundred and One Dalmatians,1961
Cellular,2004
The Little Vampire,2000
Transformers: Revenge of the Fallen,2009
Set It Off,1996
The American President,1995
Middle Men,2009
Last Night of Amore,2023
Don't Worry Darling,2022
The Tenant,1976
Clue,1985
Kodachrome,2017
Booksmart,2019
The Zone of Interest,2023
Beach Rats,2017
Bob Marley: One Love,2024
Oscar,1967
The Good Nurse,2022
Zack Snyder's Justice League,2021
The Killer,1989
Breaking the Waves,1996
The Land Before Time II: The Great Valley Adventure,1994
"Hello, My Name Is Doris",2015
WarGames,1983
Hot Tub Time Machine,2010
Fun Is Beautiful,1980
Lady Snowblood,1973
Tom and Jerry Cowboy Up!,2022
A Beautiful Day in the Neighborhood,2019
The Hunger Games: Mockingjay - Part 2,2015
Fifty Shades Darker,2017
Children of a Lesser God,1986
The Girl on the Train,2016
Back to School,1986
The Edge of Love,2008
Haunter,2013
Carne,1968
Ghosts of War,2020
Enemy,2014
The Nanny Diaries,2007
Kung Fu Hustle,2004
Oddity,2024
DJ Cinderella,2019
A View to a Kill,1985
Bronson,2009
The Lion Guard: Return of the Roar,2016
Ice Age: A Mammoth Christmas,2011
The House of the Spirits,1993
Fly Me to the Moon,2024
Sin City,2005
The Tomorrow War,2021
Ashfall,2019
Asterix: The Mansions of the Gods,2014
Breach,2007
Lord of War,2005
Jarhead: Law of Return,2019
Love Exposure,2009
Horton Hears a Who!,2008
The Hidden,1987
Rise of the Planet of the Apes,2011
No,2012
Harvey,1950
GoldenEye,1995
The Danish Girl,2015
Gallipoli,1981
Captain Underpants: The First Epic Movie,2017
Drop Dead Gorgeous,1999
Migration,2023
Stargirl,2020
Mary Shelley,2017
Short Term 12,2013
Vertigo,1958
Ultras,2020
Akira,1988
Twitches,2005
I'm for the Hippopotamus,1979
Wicker Park,2004
Jumanji,1995
Lethal Weapon 3,1992
Bring It On: In It to Win It,2007
Manhunter,1986
One Hour Photo,2002
Biker Boyz,2003
The Twilight Saga: Breaking Dawn - Part 1,2011
The Man from the Future,2011
Black Sunday,1960
8-Bit Christmas,2021
The Story of Us,1999
The Mauritanian,2021
"Mickey, Donald, Goofy: The Three Musketeers",2004
The Protector,2005
The Exception,2017
The Devil Wears Prada,2006
As Tears Go By,1988
Descendants: The Rise of Red,2024
Stalker,1979
You Can't Take It with You,1938
Violent Cop,1989
Dark Shadows,2012
Bandit,2022
The Captain,2018
"Like Father, Like Son",2013
...And Justice for All,1979
"No manches, Frida",2016
The Big Kahuna,1999
Scooby-Doo! and the Monster of Mexico,2003
Fiddler on the Roof,1971
Whisper of the Heart,1995
Children of Men,2006
Hot Fuzz,2007
Naruto the Movie: Guardians of the Crescent Moon Kingdom,2006
Welcome to Marwen,2018
The Lovely Bones,2009
Meet Bill,2007
West Side Story,1961
Heavenly Creatures,1994
Big Eyes,2014
The Firm,1993
Status Update,2018
Psycho II,1983
Jack Frost,1998
Halloween II,1981
What Ever Happened to Baby Jane?,1962
Out of the Past,1947
Everybody Wants Some!!,2016
TÁR,2022
Lost Bullet 2,2022
Queen of Hearts,2019
Maniac,2012
Laggies,2014
The Stranger,1946
T2 Trainspotting,2017
Alienoid,2022
On the Waterfront,1954
X-Men: The Last Stand,2006
The Lost World: Jurassic Park,1997
Argo,2012
The Room,2019
Suck Me Shakespeer 3,2017
Baywatch,2017
The Suicide Squad,2021
Sexy Beast,2000
Page Eight,2011
Song of the Sea,2014
Outlaw King,2018
The House with Laughing Windows,1976
Betty Blue,1986
The Negotiator,1998
The Eight Mountains,2022
Spellbound,1945
Barbie: The Pearl Princess,2014
Orion and the Dark,2024
The Purge: Anarchy,2014
Nosferatu,1922
Taken,2008
The Dry,2021
The Cabin in the Woods,2012
Curly Sue,1991
The Loft,2014
The Peanuts Movie,2015
East of Eden,1955
Full Metal Jacket,1987
Through the Fire,2018
The Thing from Another World,1951
Curse of the Golden Flower,2006
The Huntsman: Winter's War,2016
The Kid Detective,2020
Operation Petticoat,1959
"Monsters, Inc.",2001
Visitor Q,2001
Chloe,2010
Asterix & Obelix: Mission Cleopatra,2002
Now Where Did the Seventh Company Get to?,1973
The Devils,1971
The Man in the Moon,1991
Bram Stoker's Dracula,1992
Mission: Impossible - Ghost Protocol,2011
The Butler,2013
Fear of Rain,2021
Scream,1996
A Knight's Tale,2001
12 Years a Slave,2013
Dead Man Walking,1995
The Grifters,1990
Jason and the Argonauts,1963
Malicious,1973
Elevator to the Gallows,1958
A Dog's Will,2000
Berlin Syndrome,2017
The Climb,2017
Inferno,1980
Boy,2010
The Program,2015
Home Team,2022
"I, Daniel Blake",2016
Gridiron Gang,2006
Torn Curtain,1966
Let the Right One In,2008
Bad Santa,2003
Uri: The Surgical Strike,2019
Tideland,2005
Black Box,2021
Perfect Days,2023
Alien Nation,1988
The Foreigner,2017
Society,1989
The Outlaw Josey Wales,1976
Finding Nemo,2003
Naked Weapon,2002
Spider-Man: Into the Spider-Verse,2018
Stomp the Yard,2007
SPL: Kill Zone,2005
Green Snake,2021
Sherlock Jr.,1924
Wrong Turn 2: Dead End,2007
Baby Boom,1987
Bound,1996
American Hustle,2013
Always,1989
Wonder Park,2019
Death Wish II,1982
The Gospel According to Matthew,1965
A Prayer Before Dawn,2018
Bullitt,1968
The Art of Self-Defense,2019
Naked Lunch,1991
Return of the Hero,2018
Robin Hood: Prince of Thieves,1991
Secret Society of Second Born Royals,2020
Wild Rose,2019
Mississippi Grind,2015
Lucky,2017
Paulie,1998
Freedom Writers,2007
The Lion King II: Simba's Pride,1998
The Entity,1982
Garden State,2004
Child's Play,1988
Bedazzled,2000
Kindergarten Cop,1990
A Woman Is a Woman,1961
Harry Potter and the Chamber of Secrets,2002
Billy Madison,1995
Bride & Prejudice,2004
Throne of Blood,1957
From Here to Eternity,1953
Tin & Tina,2023
Incredibles 2,2018
Frankenweenie,1984
Before I Go to Sleep,2014
The Catholic School,2021
The Decline,2020
Easy Virtue,2008
Hoffa,1992
Battle for Sevastopol,2015
Michael Clayton,2007
Out of My League,2020
Hatching,2022
Wild Target,2010
Pulp Fiction,1994
Short Cuts,1993
My Fair Lady,1964
Jason Bourne,2016
A Christmas Prince: The Royal Wedding,2018
A Gang Story,2011
House of Gucci,2021
Eagle vs Shark,2007
The Hunt,2020
Immortals,2011
The Virgin Spring,1960
The Bet,1997
Little White Lies 2,2019
Marked for Death,1990
The Hole,2001
Sniper: Ultimate Kill,2017
300: Rise of an Empire,2014
The SpongeBob SquarePants Movie,2004
Not Without My Daughter,1991
Sling Blade,1996
Instructions Not Included,2013
Raising Cain,1992
The Final Girls,2015
Mimic,1997
The Caine Mutiny,1954
Dreamgirls,2006
Topaz,1969
Total Recall,1990
Real Steel,2011
Crazy Heart,2009
Extinction,2018
Can't Buy Me Love,1987
Battle,2018
Injustice,2021
Casanova,2005
The Odd Couple,1968
Lou,2017
Flight of the Navigator,1986
Maniac,1980
Picnic at Hanging Rock,1975
Mulan,2020
Space Pirate Captain Harlock,2013
Churchill,2017
House on Haunted Hill,1959
Nosferatu the Vampyre,1979
Thesis,1996
Big Nothing,2006
Tucker: The Man and His Dream,1988
Lorenzo's Oil,1992
Isi & Ossi,2020
The Ghost Writer,2010
Dark Skies,2013
The Many Saints of Newark,2021
The Wrong Trousers,1993
The Chronicles of Narnia: The Voyage of the Dawn Treader,2010
Baggio: The Divine Ponytail,2021
The Second Tragic Fantozzi,1976
In the Loop,2009
Beasts of the Southern Wild,2012
How to Lose Friends & Alienate People,2008
Italian Race,2016
Loving Adults,2022
Godzilla Minus One,2023
Snowpiercer,2013
KONOSUBA – God's blessing on this wonderful world! Legend of Crimson,2019
Annihilation,2018
Sonic the Hedgehog 2,2022
Sleepless in Seattle,1993
Black Sea,2014
Message from the King,2017
Jin-Roh: The Wolf Brigade,1999
Tokyo Godfathers,2003
D.A.R.Y.L.,1985
Contempt,1963
Replicas,2018
Kids Return,1996
Romeo & Juliet,2013
Polytechnique,2009
Final Fantasy: The Spirits Within,2001
The Upside,2019
Me Against You: Mr. S's Vendetta,2020
Funny Games,2008
Memoir of a Murderer,2017
London Has Fallen,2016
28 Days Later,2002
Secondhand Lions,2003
Kirikou and the Wild Beasts,2005
A Special Day,1977
Columbus,2017
No Way Up,2024
Batman vs Teenage Mutant Ninja Turtles,2019
Coco,2017
Last Man Down,2021
Mune: Guardian of the Moon,2015
Never Been Kissed,1999
Ninja Scroll,1993
Mrs. Harris Goes to Paris,2022
The Lion King,2019
Robin Hood: Men in Tights,1993
Monster Pets: A Hotel Transylvania Short,2021
Cobweb,2023
"Lust, Caution",2007
17 Again,2009
Five Feet Apart,2019
Muppets from Space,1999
Last Seen Alive,2022
The Frozen Ground,2013
"Lock, Stock and Two Smoking Barrels",1998
The Howling,1981
Fools Rush In,1997
Let Him Go,2020
Look Who's Back,2015
Presto,2008
Color Out of Space,2019
Young Frankenstein,1974
The Hundred-Foot Journey,2014
Moonraker,1979
The Masque of the Red Death,1964
The Gate,1987
No Country for Old Men,2007
Rio Bravo,1959
Starman,1984
Aladdin,2019
The Stanford Prison Experiment,2015
Some Like It Rare,2021
After,2019
Kiss and Cry,2017
The Muppet Movie,1979
Angels & Demons,2009
Double Indemnity,1944
12 Angry Men,1957
Strange Magic,2015
One Piece Film: Strong World,2009
How the West Was Won,1962
Judgment at Nuremberg,1961
Detour,1945
Harry Potter and the Order of the Phoenix,2007
Let's Dance,2019
Planet of the Apes,1968
Birdman or (The Unexpected Virtue of Ignorance),2014
Red Eye,2005
The Mummy,1999
House of Games,1987
Metropolis,2001
The Game Plan,2007
Gremlins 2: The New Batch,1990
The Good Lie,2014
Woman in the Dunes,1964
The Professor,2018
The Bank Job,2008
Dead Space: Downfall,2008
Romanzo Criminale,2005
Death Note: The Last Name,2006
A Scanner Darkly,2006
Crawl,2019
The Godfather Part II,1974
Aliens,1986
The Jerk,1979
Now and Then,1995
The Phantom of Liberty,1974
First Knight,1995
Them,2006
Mr. Bean's Holiday,2007
Twister,1996
The Pink Panther Strikes Again,1976
Incendies,2010
Boy Kills World,2024
That Time I Got Reincarnated as a Slime the Movie: Scarlet Bond,2022
Volver,2006
Pocahontas,1995
The Last Days,2013
Melancholia,2011
Book Club,2018
The Last Kiss,2006
Holding the Man,2015
End of Watch,2012
Wicked Little Letters,2024
Asterix in Britain,1986
Paradise,2023
Asterix Conquers America,1994
I Am Sam,2001
How to Train Your Dragon: The Hidden World,2019
First Reformed,2018
Ready Player One,2018
House of Wax,2005
Desire,2011
Knives Out,2019
The Hustle,2019
Keeping Up with the Joneses,2016
Nine Queens,2000
National Lampoon's Christmas Vacation,1989
In Her Name,2016
Excalibur,1981
The In Between,2022
The Road,2009
Drive Me Crazy,1999
The Domestics,2018
Dobermann,1997
Ali: Fear Eats the Soul,1974
Malcolm X,1992
Before I Fall,2017
Mr. Nice Guy,1997
Queen of the Damned,2002
The Unforgivable,2021
A Pigeon Sat on a Branch Reflecting on Existence,2014
I See You,2019
My Fault,2023
Dear Evan Hansen,2021
Nell,1994
Killers of the Flower Moon,2023
Rachel Getting Married,2008
Omicidio all'italiana,2017
Traitor,2008
Shrek the Halls,2007
The Death & Life of John F. Donovan,2019
Wish,2023
Working Girl,1988
Dear Diary,1993
The Freshmen,2018
All Good Things,2010
The Wedding Date,2005
Midnight Special,2016
Balloon,2018
Barefoot,2014
Pieta,2012
Ace Ventura: Pet Detective,1994
The Transformers: The Movie,1986
The Hitman's Bodyguard,2017
Fear,1996
Moneyball,2011
Point Break,1991
The Great Day,2022
Cold Fish,2011
The Last Boy Scout,1991
Terminator: Dark Fate,2019
Deerskin,2019
My Week with Marilyn,2011
Marnie,1964
Little Man Tate,1991
The Maltese Falcon,1941
Errementari: The Blacksmith and the Devil,2018
Dragon Ball: Curse of the Blood Rubies,1986
Elizabethtown,2005
"Me, Myself & Irene",2000
Over the Moon,2020
The Baader Meinhof Complex,2008
The Peanut Butter Falcon,2019
"Ciao, Professore!",1992
Judgment Night,1993
Life of Pi,2012
The Legend of Zorro,2005
The Bone Collector,1999
Enemy Mine,1985
Night of the Comet,1984
"Crazy, Stupid, Love.",2011
Ed Wood,1994
Salyut-7,2017
Prozac Nation,2001
Popstar: Never Stop Never Stopping,2016
Hoosiers,1986
Malignant,2021
Along Came Polly,2004
Hotel for Dogs,2009
WALL·E,2008
The Perfect Man,2005
The Good Shepherd,2006
The Matrix,1999
Z,1969
The Mother,2023
Machine Gun Preacher,2011
Talladega Nights: The Ballad of Ricky Bobby,2006
The Three Caballeros,1944
Crimson Rivers II: Angels of the Apocalypse,2004
War for the Planet of the Apes,2017
Sansho the Bailiff,1954
Five,2016
The Devil Conspiracy,2023
The Wave,2015
Harlem Nights,1989
Amistad,1997
Ash Is Purest White,2018
The Awakening,2011
Grudge Match,2013
Hope Floats,1998
PK,2014
Tarzan II,2005
Loose Cannons,2010
Burn,2019
A Little Bit of Heaven,2011
The Italian Job,1969
Thirteen Lives,2022
Surrogates,2009
The Second Best Exotic Marigold Hotel,2015
Boys,2014
Guy Ritchie's The Covenant,2023
Can You Ever Forgive Me?,2018
The Devil's Own,1997
Mirage,2018
The Poseidon Adventure,1972
Bagdad Cafe,1987
White Oleander,2002
Nightbooks,2021
Loro 2,2018
Dead Ringers,1988
City Hunter,1993
Inside Llewyn Davis,2013
Hotel Transylvania 3: Summer Vacation,2018
Creature from the Black Lagoon,1954
Body Heat,1981
Women Talking,2022
These Final Hours,2014
Hart's War,2002
Desperately Seeking Susan,1985
Monsters,2010
The Night House,2021
The Woman in the Window,1944
The Rescuers,1977
Journey to the West: Conquering the Demons,2013
Bad Taste,1987
Dragon Ball Z: Bardock - The Father of Goku,1990
Tinker Bell,2008
Nymphomaniac: Vol. I,2013
Le Chef,2012
A Boy Called Christmas,2021
Antz,1998
Last Man Standing,1996
Blow the Man Down,2019
The Little Mermaid,1989
Bacurau,2019
The Postman,1994
Broken Embraces,2009
Dead End,2003
The Banker,2020
Colonia,2015
Frantic,1988
Hands of Stone,2016
The Parallax View,1974
Big Fish,2003
The Best of Enemies,2019
Triangle,2009
Infinitely Polar Bear,2014
Dark City,1998
Los Bandoleros,2009
Three... Extremes,2004
Blast from the Past,1999
Boy Erased,2018
The Mechanic,2011
Empire of the Sun,1987
Battle of Britain,1969
Flashdance,1983
Sleeping with the Enemy,1991
Ice Age: Dawn of the Dinosaurs,2009
The Report,2019
Gabriel,2007
Peter Rabbit,2018
Two for the Money,2005
My King,2015
Teen Beach 2,2015
Marie Antoinette,2006
#realityhigh,2017
Faust,1926
Sissi: The Fateful Years of an Empress,1957
Overboard,2018
Cyrano de Bergerac,1990
Just Believe,2018
Willow,1988
"Men, Women & Children",2014
Mary Shelley's Frankenstein,1994
Carry-On,2024
The Rescuers Down Under,1990
Something's Gotta Give,2003
Wishmaster,1997
Inglourious Basterds,2009
Eastern Promises,2007
Unforgiven,1992
"Faster, Pussycat! Kill! Kill!",1965
The Nest,2020
Tag,2018
Uncharted,2022
Kill Boksoon,2023
Love in the Time of Cholera,2007
Cat on a Hot Tin Roof,1958
Now Is Good,2012
Goodbye Christopher Robin,2017
Borg vs McEnroe,2017
Mr. Harrigan's Phone,2022
Felon,2008
A Bittersweet Life,2005
Sightless,2020
White God,2014
The Dark Valley,2014
Signs,2002
Captain America: Civil War,2016
Confidence,2003
The Fall,2006
Casper,1995
Beasts of No Nation,2015
Ferdinand,2017
Mission: Impossible III,2006
Wicked,2024
The Return,2006
Night at the Museum: Secret of the Tomb,2014
Ben Is Back,2018
Mercury Rising,1998
Scooby-Doo! Camp Scare,2010
The Nile Hilton Incident,2017
To Die For,1995
Reality,2012
The Invisible Boy,2014
Good Burger,1997
Ant-Man and the Wasp: Quantumania,2023
Innerspace,1987
Safe Haven,2013
Shaft,2000
City Lights,1931
The Crazies,2010
Code 46,2003
Tootsie,1982
The Golden Compass,2007
The Verdict,1982
Facing Windows,2003
Airplane!,1980
Christiane F.,1981
Bad Times at the El Royale,2018
The Edukators,2004
The Sisters Brothers,2018
The Mortuary Collection,2020
Togo,2019
The Duchess,2008
Adaptation.,2002
¡Three Amigos!,1986
Due Date,2010
Land of Bad,2024
Balto: Wolf Quest,2002
Prayers for Bobby,2009
Speak No Evil,2022
Mad Dog and Glory,1993
Meet the Parents,2000
Mad Max 2,1981
The Passion of the Christ,2004
Human Capital,2013
Mask,1985
Return,2008
World Trade Center,2006
Mystic Pizza,1988
Magic Mike XXL,2015
November,2022
Birds of Prey (and the Fantabulous Emancipation of One Harley Quinn),2020
The Vanishing,1988
Patriot Games,1992
Blind Date,1987
Evangelion: 1.0 You Are (Not) Alone,2007
Cobra,1986
Red Notice,2021
Eraser,1996
Junkyard Dog,2023
Serial (Bad) Weddings,2014
Easy A,2010
All About My Mother,1999
Finding Dory,2016
You Only Live Twice,1967
One Hundred Steps,2000
PAW Patrol: The Movie,2021
Henry V,1989
Hamlet,1990
The Lost City of Z,2017
Dune: Part Two,2024
Hillbilly Elegy,2020
Hotel Mumbai,2019
Maze Runner: The Death Cure,2018
Beneath the Planet of the Apes,1970
Indiana Jones and the Kingdom of the Crystal Skull,2008
Kinsey,2004
Annie Hall,1977
They Call Me Jeeg,2016
A Christmas Prince: The Royal Baby,2019
Rabbit Hole,2010
Superman,1978
Notorious,2009
Pirates of the Caribbean: Dead Man's Chest,2006
Loving Pablo,2017
Nixon,1995
Ring,1998
Vacation Friends,2021
The King's Daughter,2022
Run to You,2022
Snowtown,2011
The River Wild,1994
Rabbit Without Ears,2007
Sound of Freedom,2023
The Serpent and the Rainbow,1988
Devil in a Blue Dress,1995
The Cyclone,1996
Star Trek VI: The Undiscovered Country,1991
A Nightmare on Elm Street 3: Dream Warriors,1987
How to Train Your Dragon,2010
The Wolf and the Lion,2021
Human Traffic,1999
Arbitrage,2012
8½,1963
Love and Death,1975
Sudden Impact,1983
Stranger by the Lake,2013
Joyeux Noel,2005
Sissi,1955
La Llorona,2019
Them!,1954
The Iron Giant,1999
Nothing But the Truth,2008
The Star,2017
Child 44,2015
Chaos Theory,2008
Day Shift,2022
The Vast of Night,2019
You Are So Not Invited to My Bat Mitzvah,2023
Annabelle Comes Home,2019
Ninja,2010
Munich – The Edge of War,2021
Petite Maman,2021
Pirates of Silicon Valley,1999
Miss Violence,2013
Ingrid Goes West,2017
Half Baked,1998
"Roman J. Israel, Esq.",2017
Feel the Beat,2020
The Girl with the Dragon Tattoo,2009
Snitch,2013
The Call,2020
The Hunger,1983
Cemetery Man,1994
We Are Marshall,2006
The White Tiger,2021
John Wick: Chapter 3 - Parabellum,2019
I Kill Giants,2017
THX 1138,1971
Pieces of a Woman,2020
WHAT DID JACK DO?,2017
Sleuth,2007
It Takes Two,1995
The Other Guys,2010
Batman and Superman: Battle of the Super Sons,2022
Crush,2022
Conviction,2010
Before We Go,2014
Mortal Engines,2018
Brad's Status,2017
Old,2021
Love & Other Drugs,2010
A Shaun the Sheep Movie: Farmageddon,2019
Plus One,2019
Billy Elliot,2000
Saw V,2008
Lagaan: Once Upon a Time in India,2001
Anthropoid,2016
Project Power,2020
Little Buddha,1993
The Nightingale,2018
How to Be a Latin Lover,2017
Father Stu,2022
Breakfast at Tiffany's,1961
Jakob the Liar,1999
Hounds of Love,2016
The Last Laugh,1924
Hellraiser,1987
Videodrome,1983
Beauty and the Beast,2014
Let Me In,2010
Heat,1995
Wonderstruck,2017
Duck Soup,1933
Confession of Murder,2012
Hawaiian Vacation,2011
This Is the End,2013
The Kid,1921
Cruel Intentions,1999
Phantasm,1979
"Miraculous World: New York, United HeroeZ",2020
"Oslo, August 31st",2011
The Addams Family,2019
Thief,1981
Prizzi's Honor,1985
Peggy Sue Got Married,1986
The F**k-It List,2020
About My Father,2023
Everest,2015
Sphere,1998
Cliffhanger,1993
The Emperor's New Groove,2000
The Great Debaters,2007
Foreign Correspondent,1940
Stitches,2012
Gainsbourg: A Heroic Life,2010
That Obscure Object of Desire,1977
The Secret Life of Pets,2016
Vanguard,2020
Two Lovers,2008
Conan the Barbarian,1982
Shang-Chi and the Legend of the Ten Rings,2021
Regular Show: The Movie,2015
The Untouchables,1987
Jersey Girl,2004
The Love Bug,1968
The Postman,1997
The Witch,2016
Tinker Bell and the Legend of the NeverBeast,2014
The Monster,1994
Kill Bill: Vol. 2,2004
Dream Scenario,2023
Death Proof,2007
Freaks of Nature,2015
The Traitor,2019
You Again,2010
House,1977
Dear White People,2014
Cabaret,1972
In the Heights,2021
Iron Man 2,2010
Mary Poppins,1964
It's Such a Beautiful Day,2012
300,2007
The Handmaiden,2016
Jack Reacher,2012
Z,2019
Exam,2009
Naked,1993
Detroit,2017
The Hunting Party,2007
So Undercover,2012
A Million Ways to Die in the West,2014
Clouds,2020
Sapphire Blue,2014
Hugo,2011
Midsommar,2019
D.E.B.S.,2005
Dog,2022
Café Society,2016
The Graduate,1967
Chariots of Fire,1981
Lock Up,1989
Terrified,2018
In the Name of the Land,2019
Trading Places,1983
She Said,2022
Life As We Know It,2010
Adult World,2014
Sex and Lucía,2001
Black Beauty,1994
Angel Eyes,2001
Underworld,2003
Belladonna of Sadness,1973
Let the Bullets Fly,2010
Chemical Hearts,2020
Exhuma,2024
Submarine,2011
The Last Voyage of the Demeter,2023
Siberian Education,2013
Brubaker,1980
Cleaner,2007
"It's the Great Pumpkin, Charlie Brown",1966
All the Bright Places,2020
Z-O-M-B-I-E-S,2018
The Mechanic,1972
Samaritan,2022
PAW Patrol: Mighty Pups,2018
Purl,2019
Beauty Shop,2005
Dragon Ball GT: A Hero's Legacy,1997
Varsity Blues,1999
"Marry Me, Dude",2017
Legend of the Guardians: The Owls of Ga'Hoole,2010
Pump Up the Volume,1990
The Whole Truth,2016
Ayla: The Daughter of War,2017
American Fiction,2023
Little Women,2019
The King,2019
Martian Child,2007
The Rocketeer,1991
M*A*S*H,1970
Rebecca,1940
The Wolverine,2013
The Cheetah Girls 2,2006
Pokémon 3: The Movie,2000
All Quiet on the Western Front,2022
Passport to Paris,1999
The Chorus,2004
The Crimson Rivers,2000
Soul,2020
I Hate Summer,2020
Argentina 1985,2022
Phone Booth,2003
The First King,2019
Courageous,2011
Futurama: Bender's Big Score,2007
Proof,2005
Kids,1995
The Last Full Measure,2020
Death Warrant,1990
Nights of Cabiria,1957
Willard,2003
Alice in Wonderland,1999
Chinese Take-Away,2011
Batman: Gotham by Gaslight,2018
Thirteen,2003
The Forgotten Battle,2020
Dolphin Tale,2011
Expend4bles,2023
Midnight in the Garden of Good and Evil,1997
Disobedience,2018
My Mom Is a Character 2,2016
The 12th Man,2017
2001: A Space Odyssey,1968
Conspiracy,2001
Zootopia,2016
Stuck in Love,2013
Killer Elite,2011
The Great Outdoors,1988
Nobody's Fool,1994
Avengement,2019
Yu-Gi-Oh! The Movie,2004
The Chronicles of Narnia: Prince Caspian,2008
The Wretched,2019
Time Is Up,2021
Champions,2018
The Swan Princess,1994
The Alamo,1960
The Hobbit: An Unexpected Journey,2012
Days of Heaven,1978
Redline,2009
Dragon Ball Z: Broly - Second Coming,1994
The Missing,2003
Old Henry,2021
Queen Margot,1994
Bend It Like Beckham,2002
Alien,1979
Down by Law,1986
Happening,2021
Black Rain,1989
Meshes of the Afternoon,1943
See You Up There,2017
A Babysitter's Guide to Monster Hunting,2020
Sorry If I Call You Love,2014
P2,2007
In America,2003
American Underdog,2021
Tangled,2010
It,2017
Night of the Demons,1988
Rurouni Kenshin Part III: The Legend Ends,2014
Adventureland,2009
Cheaper by the Dozen 2,2005
Missing Link,2019
Amen.,2002
Strange Darling,2024
Lady Chatterley's Lover,2022
Night Teeth,2021
City Island,2009
Role Models,2008
Much Ado About Nothing,1993
The Legacy of the Bones,2019
Just Cause,1995
Five Easy Pieces,1970
The Ninth Gate,1999
Diaz - Don't Clean Up This Blood,2012
Year of the Dragon,1985
Tenet,2020
Resistance,2020
Kingdom: Ashin of the North,2021
Lars and the Real Girl,2007
Alligator,1980
Pain & Gain,2013
Revenge,1990
Soldier,1998
The Shadow in My Eye,2021
Elvis,2022
"Miraculous World: Paris, Tales of Shadybug and Claw Noir",2023
"Steamboat Bill, Jr.",1928
21 Bridges,2019
The Day the Earth Stood Still,1951
Love Tactics,2022
Fallen,1998
The Aftermath,2019
Julie & Julia,2009
The Karate Kid,1984
The Talent of the Hornet,2020
The Two Popes,2019
Roxanne,1987
Illang: The Wolf Brigade,2018
Aquamarine,2006
Patch Adams,1998
The Unbearable Lightness of Being,1988
Above the Law,1988
Role Play,2023
Afterlife of the Party,2021
K-PAX,2001
La Tour Montparnasse Infernale,2001
Alone,2020
Mr. Jones,2019
Allied,2016
1900,1976
The Double,2014
The Corpse of Anna Fritz,2015
The Prince & Me,2004
The Three Musketeers: Milady,2023
Dangal,2016
The Witches of Eastwick,1987
Ron's Gone Wrong,2021
"Play It Again, Sam",1972
Anna Karenina,2012
The Hobbit: The Desolation of Smaug,2013
Fired Up!,2009
The Dirt,2019
The Beverly Hillbillies,1993
What Maisie Knew,2013
A Man Apart,2003
The Wind That Shakes the Barley,2006
Futurama: Into the Wild Green Yonder,2009
Street Trash,1987
127 Hours,2010
A Wednesday!,2008
Pelé: Birth of a Legend,2016
The Terminal,2004
Enter the Void,2010
Radio Days,1987
JCVD,2008
Diary of a Wimpy Kid,2010
Antichrist,2009
Dilwale,2015
Undisputed,2002
The Outsiders,1983
Z-O-M-B-I-E-S 3,2022
Hostage,2005
The Stepfather,1987
Dante's Inferno: An Animated Epic,2010
The Professional,1981
Twins,1988
Only the Brave,2017
The Warriors,1979
Gramps Is in the Resistance,1983
Subway,1985
The Secret Life of Walter Mitty,2013
Let's Go to the Country,2014
Man of Steel,2013
1917,2019
Loving Vincent,2017
No Hard Feelings,2023
Batman: Soul of the Dragon,2021
The Duellists,1977
The Dinner Game,1998
Kaamelott: The First Chapter,2021
Bound by Honor,1993
Barbie in the Nutcracker,2001
Infested,2023
In a Heartbeat,2017
RED,2010
Shame,2011
After the Sunset,2004
Atonement,2007
The Burial,2023
The 355,2022
"No manches, Frida 2: paraíso destruido",2019
The Bob's Burgers Movie,2022
Whatever Works,2009
Mansfield Park,1999
The Congress,2013
Cold Mountain,2003
Neighbors,2014
American Gangster,2007
Spy Game,2001
Champions,2023
The Legend of Hei,2019
Jules and Jim,1962
A Letter to Momo,2012
What Dreams May Come,1998
"Remi, Nobody's Boy",2018
A Place in the Sun,1951
"Spring, Summer, Fall, Winter... and Spring",2003
3 Idiots,2009
Justice League Dark: Apokolips War,2020
Cleveland Abduction,2015
Bitter Moon,1992
Godzilla: The Planet Eater,2018
TRON: Legacy,2010
Mrs. Doubtfire,1993
The Princess Switch,2018
Gladiator,1992
The Hand of God,2021
Quo Vadis,1951
Brazil,1985
Revenge,2018
Waking Life,2001
Prey for the Devil,2022
The Taste of Others,2000
Walk Hard: The Dewey Cox Story,2007
Harsh Times,2005
The Aviator,2004
We Die Young,2019
To All the Boys: P.S. I Still Love You,2020
"Tomorrow, When the War Began",2010
Just One of the Guys,1985
The Fury,1978
Appaloosa,2008
Run Hide Fight,2021
The Lion King,1994
Wait Until Dark,1967
Sky High,2005
The Ref,1994
Predators,2010
The Dead Zone,1983
Rounders,1998
Zindagi Na Milegi Dobara,2011
The NeverEnding Story,1984
Heretic,2024
Death at a Funeral,2007
The Bouncer,2018
No One Will Save You,2023
Home on the Range,2004
The Grand Seduction,2014
World of Tomorrow,2015
Vegas Vacation,1997
Read My Lips,2001
The Innocent,2022
The Boxtrolls,2014
The Heist of the Century,2020
Pitch Perfect,2012
Hairspray,2007
Host,2020
A Moment to Remember,2004
Perfume: The Story of a Murderer,2006
Scooby-Doo! and the Loch Ness Monster,2004
My Cousin the Sexologist,2016
Point Blank,1967
Watcher,2022
Race,2016
It’s the Law,2017
Stand Up Guys,2012
The Guilty,2021
My Sassy Girl,2008
Snake Eyes,1998
EverAfter,1998
Harold and Maude,1971
The Game,1997
Teenage Mutant Ninja Turtles,1990
The Mermaid,2016
Gomorrah,2008
Not Okay,2022
Logan Lucky,2017
GoodFellas,1990
The Informer,2019
The Ruthless,2019
Mothers' Instinct,2024
Evil Under the Sun,1982
Caddyshack,1980
Final Cut,2022
Detroit Rock City,1999
Groot Takes a Bath,2022
Following,1999
Stargate,1994
Disconnect,2013
Little Boy,2015
The Pink Panther,1963
White Christmas,1954
Ronin,1998
High Heels,1991
The Assassination of Jesse James by the Coward Robert Ford,2007
In a Better World,2010
Vice,2018
RED 2,2013
Fruitvale Station,2013
Shot Caller,2017
Deliver Us from Evil,2014
Road to Perdition,2002
Nanny McPhee and the Big Bang,2010
Venom: Let There Be Carnage,2021
The Inbetweeners 2,2014
#Alive,2020
The House That Jack Built,2018
Never Let Go,2024
Arizona Dream,1993
Sabrina,1995
Killing Zoe,1993
Bullets Over Broadway,1994
The Air I Breathe,2007
Rust Creek,2019
One Eight Seven,1997
Wild Things,1998
Take the Money and Run,1969
Mon Oncle,1958
Love in the Afternoon,1957
High Plains Drifter,1973
Husbands and Wives,1992
Luther: The Fallen Sun,2023
Overlord,2018
The Living Daylights,1987
An Officer and a Gentleman,1982
Dumbo,2019
Falling Inn Love,2019
Stretch,2014
Fist Fight,2017
A Turtle's Tale: Sammy's Adventures,2010
Arthur Christmas,2011
The Invisible Witness,2018
Suck Me Shakespeer,2013
The Mask of Zorro,1998
Naruto Shippuden the Movie,2007
The Age of Adaline,2015
Reign of Fire,2002
2036: Nexus Dawn,2017
Descendants,2015
Dogman,2018
Repo Men,2010
Miss Bala,2019
Orca,1977
A Perfect Day,2015
"The Good, the Bad and the Ugly",1966
6 Days,2017
A Bridge Too Far,1977
Monsieur Hulot's Holiday,1953
Mank,2020
Sleepwalkers,1992
There's Something About Mary,1998
Crimson Peak,2015
Alien: Romulus,2024
Thir13en Ghosts,2001
Journey 2: The Mysterious Island,2012
Ip Man 3,2015
The Aeronauts,2019
Chappie,2015
The Warning,2018
All the Money in the World,2017
Roman Holiday,1953
2:22,2017
Daybreakers,2010
Standing Tall,2015
Alice,1988
Soap and Water,1983
The Gauntlet,1977
Den of Thieves 2: Pantera,2025
Silver Linings Playbook,2012
No Sudden Move,2021
Ant-Man and the Wasp,2018
Fantomas Unleashed,1965
The Platform,2019
The Lion King 1½,2004
Resident Evil: Extinction,2007
The Clan,2015
Cadillac Records,2008
Hannibal,2001
Atlantis: Milo's Return,2003
Bad Lieutenant: Port of Call - New Orleans,2009
Fast Five,2011
Under the Tuscan Sun,2003
Van Helsing,2004
Tenebre,1982
Freelance,2023
The Interpreter,2005
Dragon Ball: The Path to Power,1996
The Arrival,1996
The General,1926
Fantastic Voyage,1966
Athena,2022
Every Which Way but Loose,1978
Planes: Fire & Rescue,2014
Incantation,2022
Belzebuth,2019
The Railway Man,2013
You're Next,2013
Man Bites Dog,1992
Lamb,2021
Saw VI,2009
Triple Threat,2019
Shrek,2001
Sunshine Cleaning,2008
Mia and the White Lion,2018
Heathers,1988
Barbie as the Island Princess,2007
Up for Love,2016
Through My Window 3: Looking at You,2024
The Nutcracker and the Four Realms,2018
Roommates Wanted,2016
Shanghai Knights,2003
Berberian Sound Studio,2012
P.S. I Love You,2007
Johnny English,2003
The Spiderwick Chronicles,2008
Happy Gilmore,1996
The Hudsucker Proxy,1994
A Fantastic Woman,2017
Beauty and the Beast,1991
Body Snatchers,1993
Vivarium,2019
Return to Nim's Island,2013
The Breadwinner,2017
King Kong vs. Godzilla,1962
Water for Elephants,2011
A Man in a Hurry,2018
Dave Chappelle: Sticks & Stones,2019
Meet Me in St. Louis,1944
Cold Eyes,2013
Invincible,2006
Compagni di scuola,1988
Barbie as Rapunzel,2002
Rogue,2007
All of Us Strangers,2023
The Sun Is Also a Star,2019
The Peacemaker,1997
The Fox and the Hound 2,2006
X-Men: First Class,2011
Daylight,1996
The Kid Who Would Be King,2019
The Misfits Club,2014
The Experiment,2010
Oliver Twist,2005
We're the Millers,2013
TMNT,2007
Vagabond,1985
The Occupant,2020
In Her Shoes,2005
The Longest Yard,2005
Raging Bull,1980
The Time Machine,1960
5 Flights Up,2014
Next Goal Wins,2023
Vacation,2015
Ned Kelly,2003
[REC]²,2009
Where Eagles Dare,1968
The Monuments Men,2014
Million Dollar Arm,2014
Heavyweights,1995
Yesterday,2019
Great Expectations,1946
Dogman,2023
Hotel Transylvania 2,2015
King Kong,1976
The Sea of Trees,2016
Epic,2013
Mary Queen of Scots,2018
Justice Society: World War II,2021
Gemma Bovery,2014
Evil Dead II,1987
Black Panther: Wakanda Forever,2022
The Miracle Worker,1962
The Whale,2022
The Ballad of Buster Scruggs,2018
Inside Out 2,2024
Bridge of Spies,2015
That Thing You Do!,1996
My Left Foot: The Story of Christy Brown,1989
Don't Look Up,2021
The Lake House,2006
Interstate 60,2002
The Twelve Tasks of Asterix,1976
Through My Window: Across the Sea,2023
State of Grace,1990
The Brats,2013
10 Things I Hate About You,1999
Suicide Room,2011
Rabid,1977
Charm City Kings,2020
Green Book,2018
Birdman of Alcatraz,1962
RoboCop,1987
Heidi,2015
21,2008
The Final Countdown,1980
Cinderella,1950
Queen of Katwe,2016
National Treasure: Book of Secrets,2007
Solaris,1972
I.Q.,1994
Cinderella Man,2005
Monster-in-Law,2005
The Shootist,1976
Berserk: The Golden Age Arc III - The Advent,2013
Nick of Time,1995
Gunpowder Milkshake,2021
The Simpsons Movie,2007
Honey,2003
The Six Triple Eight,2024
L'Âge d'or,1930
Noroi: The Curse,2005
The Belko Experiment,2016
Kingsglaive: Final Fantasy XV,2016
Sing,2016
Below Zero,2021
Wild,2014
"Extremely Wicked, Shockingly Evil and Vile",2019
Oblivion,2013
The Magdalene Sisters,2002
22 Jump Street,2014
Colombiana,2011
Ocean's Eleven,1960
The First Day of the Rest of Your Life,2008
Sabrina the Teenage Witch,1996
Rescued by Ruby,2022
The Fall Guy,2024
Uncle Frank,2020
Team America: World Police,2004
Family Guy Presents: It's a Trap!,2010
Tequila Sunrise,1988
In the Fade,2017
Mais qui a tué Pamela Rose ?,2003
Barbara,2012
Dragon Ball Z: Fusion Reborn,1995
Despicable Me 2,2013
Carol,2015
The Man from Nowhere,2010
The Siege,1998
From Russia with Love,1963
Paulette,2012
The Ice Storm,1997
The Butterfly Effect,2004
Pretty Woman,1990
A Royal Night Out,2015
Hysteria,2011
The Miseducation of Cameron Post,2018
Impossible Things,2021
Little Shop of Horrors,1986
Transamerica,2005
A Cinderella Story: Christmas Wish,2019
Sommersby,1993
Blue Thunder,1983
The Good Son,1993
A Star Is Born,2018
SK1,2015
One Fine Day,1996
Beauty and the Beast,2017
Batman: Gotham Knight,2008
Turbo Kid,2015
The Kill Team,2019
Frozen,2013
The Place Beyond the Pines,2013
Sierra Burgess Is a Loser,2018
Next Gen,2018
The Bad News Bears,1976
Snow White and the Seven Dwarfs,1938
Perfect Sense,2011
Whitney Houston: I Wanna Dance with Somebody,2022
Shane,1953
In Safe Hands,2018
What Lies Beneath,2000
Fantastic Planet,1973
The Mafia Kills Only in Summer,2013
The Addams Family 2,2021
Ready or Not,2019
Hamlet,1996
The Diary of Anne Frank,1959
Hot Shots!,1991
The Teachers' Lounge,2023
Ariel,1988
Just My Luck,2006
Widows,2018
Over the Top,1987
Before I Wake,2016
Blood and Bone,2009
The Omega Man,1971
V/H/S,2012
Dragged Across Concrete,2019
The Man Who Invented Christmas,2017
Breathe,2014
The Physician,2013
Touch of Evil,1958
Maze Runner: The Scorch Trials,2015
"I'm a Cyborg, But That's OK",2006
Rabbit-Proof Fence,2002
The Last Unicorn,1982
The Fighter,2010
Porco Rosso,1992
"Love, Rosie",2014
The Next 365 Days,2022
Around the World in Eighty Days,1956
The Great Dictator,1940
The Fox and the Child,2007
Dolittle,2020
Mile 22,2018
Two Distant Strangers,2020
I Can Only Imagine,2018
Trollhunters: Rise of the Titans,2021
J. Edgar,2011
Dracula: Dead and Loving It,1995
Nanny McPhee,2005
Air,2023
The Scarlet Letter,1995
Bubba Ho-tep,2002
Never Say Never Again,1983
Mesrine: Killer Instinct,2008
To All the Boys: Always and Forever,2021
Time After Time,1979
Cloud Atlas,2012
Stolen Kisses,1968
Jackie Brown,1997
Life Is a Long Quiet River,1988
Lilo & Stitch,2002
The Guardians of the Galaxy Holiday Special,2022
Déjà Vu,2006
101 Dalmatians II: Patch's London Adventure,2003
Suck Me Shakespeer 2,2015
Project Wolf Hunting,2022
Little Miss Sunshine,2006
Mood Indigo,2013
Isn't It Romantic,2019
Comet,2014
Ghostbusters: Frozen Empire,2024
Léon: The Professional,1994
Rudolph the Red-Nosed Reindeer,1964
The Deer Hunter,1978
LOL (Laughing Out Loud),2009
The Wall,2017
Sing Street,2016
Resort to Love,2021
Common Wealth,2000
The Conjuring 2,2016
Neon Genesis Evangelion: Death and Rebirth,1997
The Gendarme and the Gendarmettes,1982
High School of the Dead: Drifters of the Dead,2011
Secret Magic Control Agency,2021
Kes,1970
Chasing Mavericks,2012
Internal Affairs,1990
The Monkey King: Reborn,2021
Calvary,2014
Kate & Leopold,2001
The Crush,1993
Black Swan,2010
Lolita,1997
The Kissing Booth 2,2020
After We Collided,2020
Return of the Living Dead III,1993
Caligula,1979
Vampire Hunter D,1985
"Lyle, Lyle, Crocodile",2022
Shut In,2022
The Hateful Eight,2015
Transformers: Rise of the Beasts,2023
The House with a Clock in Its Walls,2018
Taxi 2,2000
Road House,1989
The Pale Blue Eye,2022
David Brent: Life on the Road,2016
A Perfect Pairing,2022
Purple Rain,1984
Eat Drink Man Woman,1994
What We Do in the Shadows,2014
The Fabelmans,2022
Gerald's Game,2017
Hidden Figures,2016
The Librarian: Quest for the Spear,2004
Marvin's Room,1996
Push,2009
The Last Picture Show,1971
The Man from Earth,2007
Rebel Moon - Part Two: The Scargiver,2024
Pet Sematary,1989
Last Year at Marienbad,1961
Beautiful Boy,2018
Once Upon a Time in China,1991
Den of Thieves,2018
Along for the Ride,2022
27 Dresses,2008
Kiss of the Spider Woman,1985
Monster,2003
I Want to Eat Your Pancreas,2018
The Fate of the Furious,2017
Just Before I Go,2015
The Land Before Time IV: Journey Through the Mists,1996
The Possession of Michael King,2014
Irreplaceable You,2018
El Mariachi,1993
All About Eve,1950
Safety Not Guaranteed,2012
Ma Rainey's Black Bottom,2020
I Am Not an Easy Man,2018
Lucky Number Slevin,2006
"20,000 Leagues Under the Sea",1954
Salt,2010
The Great Mouse Detective,1986
Son of a Gun,2014
Kahaani,2012
Mad Max Beyond Thunderdome,1985
The Big Sick,2017
About a Boy,2002
The Banshees of Inisherin,2022
Ghost World,2001
Charlie Wilson's War,2007
Inside Man,2006
The Hills Have Eyes,2006
Scooby-Doo! Curse of the Lake Monster,2010
Paper Moon,1973
The Ten Commandments,1956
Game Change,2012
The Cider House Rules,1999
Pearl Harbor,2001
Revenge of the Nerds,1984
A Bronx Tale,1993
The Taking of Pelham 1 2 3,2009
Ares,2016
Crime Busters,1977
Memory,2022
StreetDance 2,2012
Shakespeare in Love,1998
Mickey's Once Upon a Christmas,1999
Hoodwinked!,2005
Grown Ups 2,2013
Fathers and Daughters,2015
Bandidas,2006
One Man Band,2005
In the House,2012
I Can Quit Whenever I Want 2: Masterclass,2017
The Thomas Crown Affair,1968
The Others,2001
The Suite Life Movie,2011
The Miracle Season,2018
Benedetta,2021
Elite Squad,2007
Almost Famous,2000
Police Story 4: First Strike,1996
Exotica,1994
Europa Report,2013
The Gorge,2025
Wheel of Fortune and Fantasy,2021
Hacksaw Ridge,2016
Weird Science,1985
The Fisher King,1991
Cool Runnings,1993
An Extremely Goofy Movie,2000
The Awful Truth,1937
First Daughter,2004
Benny's Video,1992
Mortal Kombat Legends: Battle of the Realms,2021
Hud,1963
Small Soldiers,1998
Justice League: Gods and Monsters,2015
Tetris,2023
Starter for 10,2006
Shine,1996
Barfly,1987
The Odyssey,2016
Life,2017
The Lorax,2012
The Wave,2008
Fame,1980
Gifted,2017
Krull,1983
A Bag of Marbles,2017
The Yellow Sea,2010
War of the Buttons,2011
Teen Wolf: The Movie,2023
Analyze This,1999
Restless,2022
Demolition Man,1993
Yamakasi,2001
Kingdom IV: Return of the Great General,2024
Avalon High,2011
She's Gotta Have It,1986
La Femme Nikita,1990
Little Women,1994
The Hangover,2009
Great Expectations,1998
The Great Wall,2016
Jolt,2021
High Anxiety,1977
The Devil's Backbone,2001
Boiling Point,2021
Batman: Death in the Family,2020
The Eagle,2011
Witching & Bitching,2013
Hustle & Flow,2005
Pandorum,2009
Osmosis Jones,2001
CJ7,2008
Doctor Strange in the Multiverse of Madness,2022
Assassins,1995
Life Itself,2018
Tell It to the Bees,2018
The Beyond,1981
Bad Boys II,2003
Adrift,2018
All of Me,1984
Femme Fatale,2002
The New World,2005
Blessed Madness,2018
Cat People,1942
The Beach,2000
The Devil All the Time,2020
New Police Story,2004
Taxi,1998
Glory Road,2006
"Duck, You Sucker",1971
Star Trek: Nemesis,2002
Penelope,2006
The Family,2013
BPM (Beats per Minute),2017
The Great Silence,1968
Run All Night,2015
Philadelphia,1993
Beautiful Thing,1996
Zombieland,2009
Summer of 85,2020
Revenge of the Pink Panther,1978
Gone,2012
In a World...,2013
Horror Express,1972
The Blind Side,2009
Puss in Boots: The Three Diablos,2012
World's Greatest Dad,2009
A Grand Day Out,1990
Red River,1948
Investigation of a Citizen Above Suspicion,1970
American Me,1992
Big Daddy,1999
All That Glitters,2010
Moana,2016
The Lone Ranger,2013
Happiest Season,2020
Calendar Girls,2003
Persuasion,2022
American Pastoral,2016
Suite Française,2015
Fences,2016
The Beastmaster,1982
The Phantom of the Opera,1925
The Crew,2016
Naruto Shippuden the Movie: The Will of Fire,2009
8MM,1999
American Mary,2013
TAYLOR SWIFT | THE ERAS TOUR,2023
Dr. Strangelove or: How I Learned to Stop Worrying and Love the Bomb,1964
My Friend Dahmer,2017
Boyz n the Hood,1991
Of Gods and Men,2010
Bad Education,2019
The Dig,2021
Rip Tide,2017
Green Lantern: First Flight,2009
Somewhere in Time,1980
Mississippi Burning,1988
Kick-Ass,2010
Bambi,1942
Old Dads,2023
Wingwomen,2023
Young Guns,1988
Barbie Mariposa & the Fairy Princess,2013
Three Wishes for Cinderella,1973
The World According to Garp,1982
Marriage Story,2019
Smokin' Aces,2006
Convoy,1978
Ralph Breaks the Internet,2018
I Want You,2012
The Fault in Our Stars,2014
Son of Rambow,2007
An American Tail: Fievel Goes West,1991
Ravenous,1999
Brexit: The Uncivil War,2019
Dragon Ball Z: The Tree of Might,1990
The 39 Steps,1935
Warhorse One,2023
Mirror,1975
The Tiger and the Snow,2005
Acrimony,2018
Coogan's Bluff,1968
High School Musical,2006
To Catch a Killer,2023
Excision,2012
Lost Illusions,2021
Space Sweepers,2021
Fast Times at Ridgemont High,1982
Head-On,2004
The Holy Mountain,1973
Bride of Frankenstein,1935
Yellow Submarine,1968
American Sniper,2014
In a Lonely Place,1950
The Best Offer,2013
Pride and Glory,2008
Longlegs,2024
Olaf's Frozen Adventure,2017
Assassination Nation,2018
Downton Abbey,2019
Frozen,2010
Woman in Gold,2015
Forgotten,2017
Day & Night,2010
Retribution,2023
Two Sons of Francisco,2005
The Blue Umbrella,2013
Braindead,1992
Nacho Libre,2006
Waiting...,2005
The Bronze,2016
The Flash,2023
Godard Mon Amour,2017
Shiva Baby,2021
Outlander,2008
L'Avventura,1960
Galaxy Quest,1999
Victoria & Abdul,2017
The Ox-Bow Incident,1943
The Man Who Wasn't There,2001
Scarface,1983
The Thing,1982
Berserk: The Golden Age Arc I - The Egg of the King,2012
Aline,2020
Le Havre,2011
Crows Zero,2007
Adventures in Babysitting,2016
Lone Survivor,2013
Swordfish,2001
Nancy Drew,2007
2 Fast 2 Furious,2003
The Maze Runner,2014
Sisters,1973
Tropic Thunder,2008
Kraven the Hunter,2024
Girl,2018
Hardball,2001
20th Century Girl,2022
Hunting & Gathering,2007
Fantozzi: White Collar Blues,1975
Starbuck,2011
Entourage,2015
Takers,2010
A Dog's Journey,2019
Bright Star,2009
Masquerade,2022
Harold & Kumar Escape from Guantanamo Bay,2008
Serial (Bad) Weddings 3,2021
Boyhood,2014
Wolf,1994
Palo Alto,2013
The Apartment,1960
Grave of the Fireflies,1988
Death to 2020,2020
North by Northwest,1959
The Man Who Copied,2003
Step Sisters,2018
King of New York,1990
Harry and the Hendersons,1987
A Man for All Seasons,1966
The Quest,1996
Songbird,2020
The Idiots,1998
Showdown in Little Tokyo,1991
A Brighter Summer Day,1991
The Guest,2014
The Boss Baby: Family Business,2021
Fallen Angels,1995
Out of the Furnace,2013
Waves,2019
Halloween 4: The Return of Michael Myers,1988
By the Grace of God,2019
6 Underground,2019
The Godfather Part III,1990
The Invention of Lying,2009
Maps to the Stars,2014
Say Anything...,1989
Scream VI,2023
Little Eggs: A Frozen Rescue,2022
Thank You for Smoking,2005
A Cinderella Story: Once Upon a Song,2011
Le Trou,1960
A Bay of Blood,1971
This Must Be the Place,2011
Dilwale Dulhania Le Jayenge,1995
Relic,2020
Bao,2018
Gifted Hands: The Ben Carson Story,2009
Anna and the King,1999
The Pagemaster,1994
Wrong,2012
Standoff,2016
Solo: A Star Wars Story,2018
Hunger,2008
Burnt,2015
War Dogs,2016
Session 9,2001
Alex Strangelove,2018
If Beale Street Could Talk,2018
Head Full of Honey,2014
Elevation,2024
The Last Summer,2019
Megan Is Missing,2011
Wizards of Waverly Place: The Movie,2009
Veronica Guerin,2003
Open Season,2006
Resident Evil,2002
The House by the Cemetery,1981
Going Places,1974
Belfast,2021
An Officer and a Spy,2019
A Woman Under the Influence,1974
Finch,2021
Little,2019
Cold in July,2014
Brawl in Cell Block 99,2017
Lords of Chaos,2018
L'Eclisse,1962
The Goddess of Fortune,2019
Dug's Special Mission,2009
The Professor and the Madman,2019
Saw,2003
Flight Risk,2025
Io Capitano,2023
Sicario,2015
Renfield,2023
Saw II,2005
Da 5 Bloods,2020
Crash,1996
Four Weddings and a Funeral,1994
King Kong,2005
Taking Lives,2004
Hunt for the Wilderpeople,2016
The Little Mermaid,2023
Diary of a Wimpy Kid,2021
The Last Letter from Your Lover,2021
L'Atalante,1934
Keanu,2016
Unfriended: Dark Web,2018
Run Lola Run,1998
Red Corner,1997
Silenced,2011
The Enforcer,2022
Wendell & Wild,2022
The Cell,2000
Dangerous,2021
Sid and Nancy,1986
Hippocrates,2014
The Lovebirds,2020
Return to Sender,2015
Against the Ice,2022
Cold Prey,2006
American Graffiti,1973
Knockin' on Heaven's Door,1997
Superman/Batman: Apocalypse,2010
Hitch,2005
Secret Headquarters,2022
Doctor Sleep,2019
MFKZ,2018
Frank,2014
Le Cercle Rouge,1970
Harry Potter and the Goblet of Fire,2005
Mission: Impossible,1996
2048: Nowhere to Run,2017
Horns,2013
Aladdin,1992
Rio,2011
Hair,1979
Bad Boys,1995
Put Grandma in the Freezer,2018
Monsieur Lazhar,2011
Enter the Dragon,1973
Lost Bullet,2020
Danger Close: The Battle of Long Tan,2019
Triple Frontier,2019
Kung Fu Panda Holiday,2010
Master and Commander: The Far Side of the World,2003
The Tragedy of Macbeth,2021
Dumb and Dumber,1994
The Assassin,2015
Crimes of the Future,2022
Back to the Future Part III,1990
Behind Enemy Lines,2001
Spanglish,2004
The Curious Case of Benjamin Button,2008
Black Snake Moan,2006
Gremlins,1984
The Andromeda Strain,1971
The Sting,1973
Blue Lagoon: The Awakening,2012
Time to Hunt,2020
Welcome Mr. President!,2013
The Battle of Algiers,1966
The Polar Express,2004
Jawbreaker,1999
A Most Violent Year,2014
Phoenix,2014
Return to Me,2000
Premonition,2007
Dumbo,1941
Dream House,2011
Aladdin and the King of Thieves,1996
The Grey,2012
The Emperor's Club,2002
The Good Liar,2019
Manchester by the Sea,2016
Tomorrow Never Dies,1997
Happy Feet Two,2011
Midnight Sun,2018
Sorry to Bother You,2018
Ferris Bueller's Day Off,1986
Young Sherlock Holmes,1985
A Hero,2021
Grand Hotel,1932
High Strung,2016
Spartacus,1960
Anything Else,2003
Four Lions,2010
The Natural,1984
Holy Camp!,2017
A Tale of Two Sisters,2003
Mummies,2023
I Care a Lot,2021
"The Adventures of Priscilla, Queen of the Desert",1994
After the Dark,2013
The Gift,2000
Revolutionary Road,2008
Iron Mask,2019
The Shape of Water,2017
Attack on Titan II: End of the World,2015
The Best Is Yet to Come,2019
Luckiest Girl Alive,2022
Funny Face,1957
Wheels on Meals,1984
Mainstream,2021
Undisputed II: Last Man Standing,2006
Official Competition,2021
The Red Violin,1998
I Am Mother,2019
National Lampoon's Van Wilder,2002
Maleficent,2014
Fantastic Mr. Fox,2009
CODA,2021
Paranormal Activity: Next of Kin,2021
Red Shoes and the Seven Dwarfs,2019
Clean,2022
Teen Titans Go! To the Movies,2018
A Few Good Men,1992
Animal Farm,1954
The Killing of a Sacred Deer,2017
The School for Good and Evil,2022
Dear John,2010
Laura,1944
The Ten Commandments: The Movie,2016
The Last Days of American Crime,2020
The Station Agent,2003
A Real Pain,2024
Dinosaur,2000
Midnight in Paris,2011
Les Misérables,2012
He's All That,2021
Crossroads,1986
Code 8,2019
James and the Giant Peach,1996
Marshall,2017
Something Wild,1986
The Princess,2022
Out of Sight,1998
Shanghai Noon,2000
Under the Silver Lake,2018
Rebel Ridge,2024
Bird on a Wire,1990
Modern Times,1936
Taking Woodstock,2009
Blue Valentine,2010
The Words,2012
The Big Blue,1988
Pirates of the Caribbean: Dead Men Tell No Tales,2017
Fear Street: 1978,2021
Friday the 13th,1980
Underground,1995
24 Hour Party People,2002
Cado dalle nubi,2009
Books of Blood,2020
Blue Jasmine,2013
Rocky III,1982
Before Sunset,2004
The Sweet Hereafter,1997
The Hunger Games,2012
The Incredible Shrinking Man,1957
The Lego Movie,2014
Scooby-Doo,2002
The Trial,1962
Sleep Tight,2011
The Lord of the Rings,1978
Assault on Precinct 13,1976
Love Again,2023
Dragon Ball Z: Battle of Gods,2013
I Saw the Devil,2010
The Accused,1988
The Visitors,1993
Justice League: War,2014
Loro 1,2018
ParaNorman,2012
Lincoln,2012
Wakefield,2017
Mutiny on the Bounty,1962
Maudie,2016
Barbie and the Secret Door,2014
The Last Detail,1973
The Black Phone,2022
Hours,2013
The Fan,1996
District B13,2004
Mommy,2014
The Discord,1978
The Black Cauldron,1985
We Have a Pope,2011
A Week Away,2021
Northanger Abbey,2007
The Northman,2022
Cyrano,2021
Addams Family Values,1993
The Saint,1997
Perfect Strangers,2017
Good Time,2017
Zombie Flesh Eaters,1979
Mad God,2021
Night Hunter,2019
Frankenhooker,1990
Twin Peaks: Fire Walk with Me,1992
Blood and Black Lace,1964
The Lover,1992
Batman: Assault on Arkham,2014
Terminator 3: Rise of the Machines,2003
Citizen Kane,1941
Superbad,2007
Licence to Kill,1989
Looking for Eric,2009
Seven Pounds,2008
Stillwater,2021
Steven Universe: The Movie,2019
The Edge of Seventeen,2016
Pollock,2000
Munich,2005
The Aristocats,1970
The Great Gatsby,1974
True Grit,1969
Next Friday,2000
Alps,2011
Love Hurts,2002
Breathe,2017
A Man Called Ove,2015
The Bounty,1984
Kitbull,2019
Butterfly on a Wheel,2007
The Medium,2021
Biutiful,2010
Kidnapped,2023
Julia's Eyes,2010
One Night in Miami...,2020
Love Actually,2003
Bāhubali: The Beginning,2015
Tarzan,1999
Hustle,2022
A River Runs Through It,1992
Bad Lieutenant,1992
Training Day,2001
The Adventures of Ichabod and Mr. Toad,1949
Prospect,2018
The Mothman Prophecies,2002
Bodyguards and Assassins,2009
Shallow Grave,1994
The Last House on the Left,2009
"Dearest Relatives, Poisonous Relations",1992
Elizabeth,1998
Passengers,2008
The Cheetah Girls: One World,2008
The Craft,1996
Sleepers,1996
Ballerina,2016
Addicted to Love,1997
Simone: Woman of the Century,2022
Promised Land,2012
Night at the Museum,2006
Centurion,2010
Lucy,2014
Castle in the Sky,1986
Little Manhattan,2005
Bedevilled,2010
Monster House,2006
Beast,2022
Ben-Hur,1959
The Intern,2015
Notes on a Scandal,2006
Death Note,2006
The Rocker,2008
Blind Date,2015
Tommy,1975
The Equalizer 3,2023
Turbo,2013
The First Purge,2018
Fabrizio De André: Principe libero,2018
Pontypool,2009
The Ultimate Gift,2007
The One and Only Ivan,2020
The World's End,2013
Jack Reacher: Never Go Back,2016
City Hunter,2019
The King and I,1956
Portrait of a Lady on Fire,2019
Sink or Swim,2018
Trinity Is Still My Name,1971
Nothing Left to Do But Cry,1984
Wonder Woman,2009
Ghost Dog: The Way of the Samurai,1999
Lean on Pete,2018
Beyond the Lights,2014
YES DAY,2021
Basket Case,1982
The Adjustment Bureau,2011
Alien³,1992
Bottoms,2023
The Virgin Suicides,2000
Kal Ho Naa Ho,2003
Up in the Air,2009
Broken Arrow,1996
Stoker,2013
Asterix and the Vikings,2006
What to Expect When You're Expecting,2012
Brother,1997
Sex and the City,2008
Shotgun Wedding,2022
Anna,2019
Ghostland,2018
Don't Hang Up,2016
Conspiracy Theory,1997
Damien - Omen II,1978
Donnie Brasco,1997
Rocky Balboa,2006
47 Ronin,2013
Wendy and Lucy,2008
Trap,2024
Doctor Zhivago,1965
Ondine,2010
Downfall,2004
High and Low,1963
Zathura: A Space Adventure,2005
Rose Island,2020
Infernal Affairs,2002
King Kong,1933
3:10 to Yuma,1957
It Chapter Two,2019
Butch Cassidy and the Sundance Kid,1969
A Good Person,2023
The Return of the Tall Blond Man with One Black Shoe,1974
The Road to El Dorado,2000
Oculus,2013
Don't Listen,2020
The Favourite,2018
Pooh's Grand Adventure: The Search for Christopher Robin,1997
French Fried Vacation 2,1979
A Hard Day's Night,1964
Rosemary's Baby,1968
The King's Man,2021
Top Gun,1986
Time of the Gypsies,1988
The Umbrellas of Cherbourg,1964
Jack-Jack Attack,2005
Europa,1991
Ghost in the Shell,1995
"It's a Mad, Mad, Mad, Mad World",1963
Children Who Chase Lost Voices,2011
Jexi,2019
The Frighteners,1996
200 Pounds Beauty,2006
A Princess for Christmas,2011
Get Smart,2008
Justice League: Doom,2012
The First Time,2012
Spoiled Brats,2021
Catch-22,1970
The Marsh King's Daughter,2023
There's No Place Like Home,2018
Christmas & Co.,2017
The Outfit,2022
Love at Second Sight,2019
The Da Vinci Code,2006
The Garden of Words,2013
It Could Happen to You,1994
Teen Titans Go! vs. Teen Titans,2019
Iron Will,1994
Frost/Nixon,2008
Space Jam: A New Legacy,2021
Justice League: Crisis on Infinite Earths Part One,2024
Love at First Sight,2023
The Town,2010
Crooks in Clover,1963
The Golden Glove,2019
Violent Night,2022
The Exorcist III,1990
Letter from an Unknown Woman,1948
In Darkness,2018
The Postman Always Rings Twice,1981
Remember,2015
Dorian Gray,2009
The Experiment,2001
Asterix the Gaul,1967
The Angel,2018
Rambo III,1988
He Never Died,2015
Street Kings,2008
Big Deal on Madonna Street,1958
Anchorman: The Legend of Ron Burgundy,2004
La Jetée,1962
Thunder Road,2018
Hereafter,2010
Hocus Pocus,1993
Soul Kitchen,2009
At War for Love,2016
The Rules of the Game,1939
Body of Lies,2008
Stigmata,1999
Scooby-Doo! and the Legend of the Vampire,2003
Marvel One-Shot: Agent Carter,2013
Gorillas in the Mist,1988
The Age of Shadows,2016
A Short Film About Killing,1988
Giant,1956
Barbie in A Mermaid Tale,2010
Hot Summer Nights,2018
The Cat Returns,2002
I Am All Girls,2021
The Cannonball Run,1981
The First Slam Dunk,2022
Andhadhun,2018
Thor: Ragnarok,2017
Batman vs. Robin,2015
Re-Animator,1985
The Mountain Between Us,2017
Terms of Endearment,1983
Rocco and His Brothers,1960
Seven Psychopaths,2012
Salvador,1986
Batman: Bad Blood,2016
Radio Rebel,2012
A Christmas Prince,2017
Under the Riccione Sun,2020
Murder in the First,1995
Ride Your Wave,2019
Black Butterfly,2017
Phenomena,1985
Peter Pan,1953
"The Cook, the Thief, His Wife & Her Lover",1989
I Can't Think Straight,2008
DodgeBall: A True Underdog Story,2004
Fermat's Room,2007
Lawless,2012
Rebels,2019
French Connection II,1975
Life,1999
The Last Kingdom: Seven Kings Must Die,2023
Creed III,2023
My Policeman,2022
Belle,2013
Closer,2004
Passengers,2016
The 9th Life of Louis Drax,2016
When a Man Loves a Woman,1994
The Eiger Sanction,1975
Secret of the Wings,2012
Get Out,2017
Speed Racer,2008
All That Heaven Allows,1955
Pacific Heights,1990
The Menu,2022
The Revenant,2015
Fun and Fancy Free,1947
Official Secrets,2019
The Mosquito Coast,1986
Angel's Egg,1985
Bring Me the Head of Alfredo Garcia,1974
Handsome Devil,2017
The Toxic Avenger,1984
Zero Dark Thirty,2012
Captain Fantastic,2016
The Last Seduction,1994
The Right Stuff,1983
Blow Out,1981
Amores Perros,2000
A Good Doctor,2019
Patriots Day,2016
Bring It On: Fight to the Finish,2009
Dark Passage,1947
Cyberbully,2011
Barbie and the Diamond Castle,2008
Lava,2014
Where Is The Friend's House?,1987
The Rite,2011
Slayers Return,1996
Inland Empire,2006
Reality,2015
Being the Ricardos,2021
Gangs of Wasseypur - Part 1,2012
The Curse of Frankenstein,1957
The Gendarme Gets Married,1968
Baaria,2009
Cloud 9,2014
Jarhead,2005
The Extraordinary Adventures of Adèle Blanc-Sec,2010
S.W.A.T.,2003
Justice League vs. the Fatal Five,2019
Escape Plan,2013
Jeremiah Johnson,1972
We Bare Bears: The Movie,2020
Like Mike,2002
Pinocchio,2019
The Kissing Booth,2018
The Secret of Moonacre,2009
May,2003
Santa Sangre,1989
The Place Promised in Our Early Days,2004
13 Assassins,2010
Wolfs,2024
*batteries not included,1987
The Death of Stalin,2017
The Quiet Man,1952
Fido,2006
Flushed Away,2006
Frankie and Johnny,1991
Enemy at the Gates,2001
The Wedding Ringer,2015
Russian Ark,2002
The Breakfast Club,1985
Harry Brown,2009
To Kill a Mockingbird,1962
Goodbye Berlin,2016
Every Secret Thing,2014
Quest for Fire,1981
Il Divo,2008
Dolphin Tale 2,2014
Damage,1992
Martyrs,2008
The Immortal,2019
Footloose,2011
Doc Hollywood,1991
Cure,1997
Air Force One,1997
A Most Wanted Man,2014
The Lost City,2022
The Little Bather,1968
"They Shoot Horses, Don't They?",1969
Murder by Numbers,2002
Nostalgia,1983
The War with Grandpa,2020
The Dead Pool,1988
The Secret in Their Eyes,2009
Polisse,2011
The Disappearance of Alice Creed,2009
Gabriel's Inferno: Part III,2020
"Batman: The Long Halloween, Part Two",2021
Three Days of the Condor,1975
Misery,1990
StreetDance 3D,2010
Incredible But True,2022
Forrest Gump,1994
The Trouble with Harry,1955
Dreams,1990
The Towering Inferno,1974
Battle of the Sexes,2017
They Cloned Tyrone,2023
Tsotsi,2005
Super Dark Times,2017
The Ministry of Ungentlemanly Warfare,2024
Annapolis,2006
The Wages of Fear,2024
Invictus,2009
Please Stand By,2018
Appleseed Alpha,2014
The Croods,2013
A Futile and Stupid Gesture,2018
Mean Machine,2001
Kidnap,2017
War,2019
Given,2020
Wag the Dog,1997
The Book of Life,2014
Rock of Ages,2012
Cube,1997
Enough,2002
My Blueberry Nights,2007
Night at the Museum: Battle of the Smithsonian,2009
Firestarter,1984
Amélie,2001
Bleach,2018
Accattone,1961
Attack the Block,2011
Brother Bear 2,2006
If I Were You,2006
Mustang,2015
Goya's Ghosts,2006
Practical Magic,1998
Justice League: Throne of Atlantis,2015
Haunt,2019
Mandibles,2021
Day Watch,2006
The Worst Person in the World,2021
The Beekeeper,2024
All Is Lost,2013
Skyscraper,2018
Cléo from 5 to 7,1962
Our Idiot Brother,2011
The Broken Circle Breakdown,2012
Irresistible,2020
Uncle Buck,1989
Heartbreak Ridge,1986
Insidious,2011
Colors,1988
Perfect Blue,1998
Spread Your Wings,2019
Double Trouble,1984
Candyman,1992
Byzantium,2013
"As Above, So Below",2014
Welcome to the Dollhouse,1995
Escape from New York,1981
Once in a Lifetime,2014
Kill the Irishman,2011
JFK,1991
Molly's Game,2017
See How They Run,2022
Scooby-Doo! and the Reluctant Werewolf,1988
Those Happy Days,2006
Banana Joe,1982
Close,2022
The Karate Kid Part II,1986
Twilight of the Warriors: Walled In,2024
Offering to the Storm,2020
Mudbound,2017
Far and Away,1992
Ghost Stories,2018
Delicatessen,1991
Mean Girls,2004
Smile,2022
Nineteen Eighty-Four,1984
What's in a Name,2012
Hellboy II: The Golden Army,2008
Safe,2012
All Quiet on the Western Front,1930
1408,2007
The Little Mermaid II: Return to the Sea,2000
BlackBerry,2023
The Long Kiss Goodnight,1996
The Promised Land,2023
Violet Evergarden: Eternity and the Auto Memory Doll,2019
Zack and Miri Make a Porno,2008
La Chimera,2023
Mortal,2020
Innocent Voices,2005
A Simple Favor,2018
Empire Records,1995
Psychokinesis,2018
The Guilty,2018
Pom Poko,1994
Django,1966
Spartan,2004
"Are You There God? It's Me, Margaret.",2023
The Last Temptation of Christ,1988
Big,1988
Heist,2001
Basic,2003
Naruto the Movie: Legend of the Stone of Gelel,2005
Superman II,1980
Tigerland,2000
My Name Is Vendetta,2022
The Borrowers,1997
Don't Look Now... We're Being Shot At!,1966
(T)Raumschiff Surprise - Periode 1,2004
Tracks,2013
Breathless,1960
Indiana Jones and the Dial of Destiny,2023
Babylon,2022
Outbreak,1995
The SpongeBob Movie: Sponge Out of Water,2015
A Perfect World,1993
"See No Evil, Hear No Evil",1989
Old School,2003
Marathon Man,1976
Azur & Asmar: The Princes' Quest,2006
Penguin Bloom,2021
Ghost in the Shell 2: Innocence,2004
The Other Zoey,2023
The Great Muppet Caper,1981
Anonymous,2011
Wild Strawberries,1957
Horrible Bosses 2,2014
Dolores Claiborne,1995
Igby Goes Down,2002
Cinderella II: Dreams Come True,2002
Pink Floyd: The Wall,1982
Contagion,2011
Dead Silence,2007
Missing,2023
The Visitor,2008
Lifted,2006
Daddy's Home 2,2017
The Tale,2018
G.O.R.A.,2004
Riding in Cars with Boys,2001
Brewster's Millions,1985
Miracle on 34th Street,1947
The Killers,1946
Tau,2018
The Impossible,2012
The Way He Looks,2014
Life of Brian,1979
The Powerpuff Girls Movie,2002
Coyote Ugly,2000
Raya and the Last Dragon,2021
Suspicion,1941
Bandits,2001
The Fourth Kind,2009
Vengeance,2022
Twice Born,2012
Vampires,1998
The Princess Diaries 2: Royal Engagement,2004
Hitman,2007
Marvel One-Shot: A Funny Thing Happened on the Way to Thor's Hammer,2011
Fair Play,2023
The Place,2017
Parallels,2015
Justice League: The Flashpoint Paradox,2013
That Man from Rio,1964
Sinister,2012
Nashville,1975
Night of the Creeps,1986
Savages,2012
The Seven Year Itch,1955
Black Adam,2022
The Ring,2002
Swept Away,1974
Swan Song,2021
Gangster Squad,2013
The Terminator,1984
The Gruffalo,2009
Apocalypto,2006
Good Will Hunting,1997
Solace,2015
Tulip Fever,2017
Here Comes the Boom,2012
Boris: The Film,2011
Nerve,2016
Jersey Boys,2014
Bad Tales,2020
Proximity,2020
X2,2003
Freaks,1932
Assault on Precinct 13,2005
I ♥ Huckabees,2004
Run Fatboy Run,2007
"Juliet, Naked",2018
Hachi: A Dog's Tale,2009
Clear and Present Danger,1994
Another Year,2010
Hard Boiled,1992
The Fearless Vampire Killers,1967
Mad Max: Fury Road,2015
French Twist,1995
The Kingdom,2007
"Corrina, Corrina",1994
House of Wax,1953
King Arthur: Legend of the Sword,2017
Paths of Glory,1957
Little Monsters,2019
Notting Hill,1999
The Devil's Candy,2016
Superman/Batman: Public Enemies,2009
Paddington,2014
The American Friend,1977
The Accountant,2016
"Planes, Trains and Automobiles",1987
A Dangerous Method,2011
Beverly Hills Cop,1984
Ciao Alberto,2021
Top Secret!,1984
The Expendables 3,2014
Blue Ruin,2014
OtherLife,2017
Braveheart,1995
Cruising,1980
The Visit,2015
Baby Driver,2017
The Angry Birds Movie 2,2019
Ghajini,2008
Hide and Seek,2005
Monster Trucks,2016
How to Build a Better Boy,2014
Fun with Dick and Jane,2005
Open Range,2003
Dracula Untold,2014
Astro Boy,2009
La Haine,1995
Feast,2014
Barbie in 'A Christmas Carol',2008
Muppet Treasure Island,1996
Anna and the Apocalypse,2018
Knock at the Cabin,2023
Persian Lessons,2020
Fatherhood,2021
Crooked House,2017
All My Life,2020
Memento,2000
Bobby,2006
BLAME!,2017
Twitches Too,2007
Austin Powers: The Spy Who Shagged Me,1999
The Wind Rises,2013
The Name of the Rose,1986
The Enigma of Kaspar Hauser,1974
Percy Jackson: Sea of Monsters,2013
Land of the Dead,2005
Descendants 2,2017
Bonanza: The Return,1993
The Return of the Living Dead,1985
Private Parts,1997
Million Dollar Baby,2004
Barbie in A Mermaid Tale 2,2012
G.I. Jane,1997
Casualties of War,1989
Die Hard 2,1990
The Devil's Rejects,2005
Free Guy,2021
Great Balls of Fire!,1989
The Salvation,2014
Embrace of the Serpent,2015
Premium Rush,2012
Once Upon a Time in America,1984
Daddy's Home,2015
Interview with the Vampire,1994
In & Out,1997
United 93,2006
The End of the Tour,2015
Diary of a Wimpy Kid: Dog Days,2012
Eat Pray Love,2010
In Order of Disappearance,2014
Naruto Shippuden the Movie: Bonds,2008
Whale Rider,2003
Fright Night,1985
Yves Saint Laurent,2014
Tarot,2024
Justice League,2017
Bad Boys: Ride or Die,2024
The Lady Eve,1941
Funny Girl,1968
"Bianco, rosso e Verdone",1981
The Best Years,2020
Grosse Pointe Blank,1997
Romeo and Juliet,1968
On Chesil Beach,2018
Ginger Snaps,2000
Ivan's Childhood,1962
Rat Race,2001
Bridge to Terabithia,2007
Goon,2012
Husband & Wife,2017
The Pledge,2001
Mean Streets,1973
Dead Poets Society,1989
Blindness,2008
Platoon,1986
LOL,2012
The Hangover Part II,2011
Live and Let Die,1973
Earthquake,1974
Andrei Rublev,1966
Ocean's Twelve,2004
Close to the Horizon,2019
Highlander,1986
The Great Race,1965
Can You Keep a Secret?,2019
Mandy,2018
Star Trek III: The Search for Spock,1984
Cell 211,2009
The Room Next Door,2024
Trainspotting,1996
Broker,2022
The Devil's Double,2011
Don't Blame the Kid,2016
Paws of Fury: The Legend of Hank,2022
Certain Women,2016
The Big Shave,1967
The Guns of Navarone,1961
Body Cam,2020
I Am a Hero,2016
Saturday Night Fever,1977
Two Brothers,2004
Just Go with It,2011
Hannah Montana: The Movie,2009
Beirut,2018
Frida,2002
One Piece Film: Z,2012
Back to Black,2024
August: Osage County,2013
The Englishman Who Went Up a Hill But Came Down a Mountain,1995
No Filter,2019
Barbie,2023
Napoleon,2023
Che: Part One,2008
The Straight Story,1999
Tristan & Isolde,2006
A Short Film About Love,1988
Requiem for a Dream,2000
30 Days of Night,2007
Porno,2019
Kung Pow: Enter the Fist,2002
Sightseers,2012
The Many Adventures of Winnie the Pooh,1977
"Definitely, Maybe",2008
"Batman: The Long Halloween, Part One",2021
The Return of Jafar,1994
For a Few Dollars More,1965
Far from Heaven,2002
Altered States,1980
Being 17,2016
Like Crazy,2016
Goal!,2005
Dredd,2012
The Absent One,2014
Ben 10 Alien Swarm,2010
The Unknown Woman,2006
Hedwig and the Angry Inch,2001
The Good Girl,2002
Wild at Heart,1990
Death Becomes Her,1992
The Sisterhood of the Traveling Pants 2,2008
"Good Bye, Lenin!",2003
Swiss Family Robinson,1960
Ali,2001
The Pirates! In an Adventure with Scientists!,2012
Colossal,2017
Cheaper by the Dozen,2003
Hey Arnold! The Movie,2002
John Carter,2012
Angel Heart,1987
Demons,1985
Turning Red,2022
Mulholland Drive,2001
Swimming Pool,2003
3 Generations,2016
The Harder They Fall,2021
Guess Who's Coming to Dinner,1967
You Got Served,2004
Major League,1989
SuperFly,2018
Barbershop: The Next Cut,2016
The Outlaws,2017
Black or White,2014
Family Plot,1976
Monsters University,2013
Return,2015
Weekend at Bernie's,1989
Happy End,2017
Hidden,2015
Private Life,2018
My Father and My Son,2005
The Sleepover,2020
Once Upon a Studio,2023
Monster's Ball,2001
"O Brother, Where Art Thou?",2000
Titanic,1997
The Silence of the Lambs,1991
The Night Porter,1974
Star Trek,2009
Get on Up,2014
Spontaneous,2020
The Double Life of Véronique,1991
Ocean's Eleven,2001
A Fish Called Wanda,1988
The Boss Baby,2017
Creed II,2018
Broadway Danny Rose,1984
The Last Metro,1980
Blade Runner: Black Out 2022,2017
"Good Night, and Good Luck.",2005
Berlin Calling,2008
Mira,2022
Main Hoon Na,2004
Copycat,1995
Die Hard: With a Vengeance,1995
Birdy,1984
Armour of God,1986
K-9,1989
The Good Neighbor,2016
The Man Who Knew Too Little,1997
Barbie in the 12 Dancing Princesses,2006
The King of Staten Island,2020
Emerald Green,2016
Blinded by the Light,2019
Pandora,2016
Whiskey Tango Foxtrot,2016
The Tale of The Princess Kaguya,2013
Top Gun: Maverick,2022
Ghost in the Shell,2017
The Circus,1928
Leap Year,2010
The Warlords,2007
Once Upon a Time... in Hollywood,2019
Saw III,2006
Lisa Frankenstein,2024
This Is Spinal Tap,1984
Red's Dream,1987
Flypaper,2011
Man on a Ledge,2012
Plane,2023
Wolf Totem,2015
Krampus,2015
Nine 1/2 Weeks,1986
The Red Turtle,2016
Spider-Man: No Way Home,2021
The Marksman,2021
The Illusionist,2010
A Separation,2011
Ride On,2023
Marvel One-Shot: The Consultant,2011
Fantasia,1940
Jackpot!,2024
Like a Boss,2020
The Crying Game,1992
Mr. Magorium's Wonder Emporium,2007
Ouija: Origin of Evil,2016
Piranhas,2019
Open Your Eyes,1997
Hummingbird,2013
Shallow Hal,2001
Franklyn,2008
Look Both Ways,2022
Stalag 17,1953
Multiverse,2021
The Fox and the Hound,1981
Mother,2009
Bring It On: All or Nothing,2006
Violet Evergarden: The Movie,2020
AKA,2023
The Rover,2014
Baby Boy,2001
The Color of Money,1986
Close-Up,1990
18 Presents,2020
Game Night,2018
The Man from Toronto,2022
Stalingrad,1993
Secrets & Lies,1996
Sleeping with Other People,2015
Sixteen Candles,1984
The Perfect Secret,2019
Phantasm II,1988
The Philadelphia Story,1940
Robot Dreams,2023
The Hunt,2012
'71,2014
Lemony Snicket's A Series of Unfortunate Events,2004
The Chronicles of Riddick,2004
The Rat Catcher,2023
A Charlie Brown Christmas,1965
Allegiant,2016
Room,2015
Anima,2019
Iron Man,2008
Schindler's List,1993
The Hurt Locker,2008
Bride Wars,2009
The Anthem of the Heart,2015
The Ides of March,2011
Edge of Darkness,2010
Polaroid,2019
He's Just Not That Into You,2009
Ocean's Thirteen,2007
The Tree of Life,2011
Despicable Me 3,2017
Youth in Revolt,2009
Tomorrowland,2015
"No Retreat, No Surrender",1986
An American Tail,1986
Bambi II,2006
Firefox,1982
Princess Protection Program,2009
Missing,1982
Welcome to the Rileys,2010
A Taxi Driver,2017
Scooby-Doo! The Mystery Begins,2009
The Yards,2000
A Long Way Down,2014
Little Children,2006
The Ice Age Adventures of Buck Wild,2022
Lou,2022
In the Heart of the Sea,2015
This Means War,2012
Red Beard,1965
Strange Way of Life,2023
Pinocchio,1940
L'allenatore nel pallone,1984
The Thirteenth Floor,1999
The Stronghold,2021
Crossing Over,2009
Autumn Sonata,1978
Kingsman: The Secret Service,2015
The Invisible Man,2020
Kimi,2022
The Working Class Goes to Heaven,1971
Crazy About Her,2021
Things to Do in Denver When You're Dead,1995
The Invisible Man,1933
The Color Purple,1985
Disclosure,1994
The Italian Job,2003
The Cabbage Soup,1981
End of Days,1999
Network,1976
Glory,1989
Troy,2004
Badlands,1974
The Father,2020
Oliver & Company,1988
The Hand that Rocks the Cradle,1992
The Royal Tenenbaums,2001
Primeval,2007
The Greatest Game Ever Played,2005
Six Days Seven Nights,1998
The Merchant of Venice,2004
Steel Magnolias,1989
Boiler Room,2000
Sweet Home Alabama,2002
Megan Leavey,2017
Jurassic Park III,2001
Chopper,2000
Echelon Conspiracy,2009
Moonrise Kingdom,2012
Fortress,1992
Free Fall,2013
Ninja: Shadow of a Tear,2013
The Amazing Spider-Man 2,2014
V/H/S/94,2021
The Creator,2023
Day of the Woman,1978
The Fog,1980
SLC Punk,1998
Escort in Love,2011
Teen Spirit,2019
Spider-Man 2,2004
The Descendants,2011
The Elephant Man,1980
Thoroughbreds,2018
Risen,2016
9,2009
The Way of the Gun,2000
The Broken Hearts Gallery,2020
Here,2024
Ultimate Avengers: The Movie,2006
Tinker Bell and the Pirate Fairy,2014
Y Tu Mamá También,2001
Twilight Zone: The Movie,1983
Get Rich or Die Tryin',2005
Original Sin,2001
Radical,2023
Love and Honor,2013
Everything You Always Wanted to Know About Sex *But Were Afraid to Ask,1972
Promising Young Woman,2020
Belle de Jour,1967
The Royal Treatment,2022
Vivre Sa Vie,1962
Starstruck,2010
The Skin I Live In,2011
The Barbie Diaries,2006
28 Days,2000
That Awkward Moment,2014
So I Married an Axe Murderer,1993
Thunderbolt and Lightfoot,1974
Stuber,2019
Kill the Messenger,2014
Stick It,2006
Below,2002
Rudy,1993
Return,2020
The Hunter,2011
Scrooged,1988
Night on Earth,1991
Scoop,2006
Dope,2015
Unthinkable,2010
Holy Motors,2012
How to Be Single,2016
Alaska,2015
A Cure for Wellness,2017
Under the Skin,2014
Saw X,2023
Good Boys,2019
Hard Target,1993
Pay It Forward,2000
The Little Prince,2015
Made of Honor,2008
The Blackout,2019
Miami Vice,2006
Fort Apache,1948
The Silence,1963
"South Park: Bigger, Longer & Uncut",1999
The Collector,2009
Cat's Eye,1985
Reality,2023
Click,2006
The Mad Women's Ball,2021
Darkest Hour,2017
The Piano,1993
About Fate,2022
The Mask,1994
Carrie,2013
Clockers,1995
Let Go,2024
Kronk's New Groove,2005
Monty Python's The Meaning of Life,1983
Parallel Mothers,2021
Certified Copy,2010
Harley Davidson and the Marlboro Man,1991
Encounter,2021
"“The Shorts” by Aldo, Giovanni and Giacomo",1996
The Ice Road,2021
Ernest & Celestine,2012
The Hard Way,1991
The Return,2020
The Willoughbys,2020
Legend of the Fist: The Return of Chen Zhen,2010
Man on Fire,2004
Coming 2 America,2021
Last Action Hero,1993
Labyrinth,1986
Charade,1963
Carriers,2009
Free State of Jones,2016
Benny & Joon,1993
Harriet,2019
Angel-A,2005
All Three of Us,2015
Seeking a Friend for the End of the World,2012
Lord of the Flies,1963
The Tall Man,2012
Ride Along,2014
The Gift,2015
Home Alone,1990
Legally Blonde,2001
"Rome, Open City",1945
Flags of Our Fathers,2006
Sweet and Lowdown,1999
Nothing to Hide,2018
The House of Magic,2013
Hunter Killer,2018
Tully,2018
Trance,2013
System Crasher,2019
My Neighbors the Yamadas,1999
Superman vs. The Elite,2012
Your Sister's Sister,2011
Entergalactic,2022
Alone in Berlin,2016
Tombstone,1993
Joseph: King of Dreams,2002
The Princess Diaries,2001
The Dressmaker,2015
The Faculty,1998
Eurovision Song Contest: The Story of Fire Saga,2020
The Magic of Belle Isle,2012
Alice in Wonderland,1951
A Midsummer Night's Sex Comedy,1982
Notorious,1946
The Tuche Family,2011
The Gendarme and the Creatures from Outer Space,1979
The Wandering Earth,2019
Deep Rising,1998
Jerry Maguire,1996
Cars,2006
The Last King of Scotland,2006
The Martian,2015
The A-Team,2010
Live Free or Die Hard,2007
Windtalkers,2002
Proxima,2019
Overboard,1987
The Princess Switch 3: Romancing the Star,2021
Monkey Man,2024
Divines,2016
Lady Macbeth,2016
Thanksgiving,2023
To Steal from a Thief,2016
The Stranger,2022
Case départ,2011
Friday the 13th Part 2,1981
Venom,2018
Steins;Gate: The Movie - Load Region of Déjà Vu,2013
The Messenger: The Story of Joan of Arc,1999
Eddie Murphy: Delirious,1983
Dou kyu sei – Classmates,2016
The Boy and the Heron,2023
The Tender Bar,2021
Don't Think Twice,2016
Correspondence,2016
The Internship,2013
The Crow,1994
The Long Good Friday,1980
The Searchers,1956
Disturbia,2007
The Remaining,2014
Down with Love,2003
Ambulance,2022
Maniac Cop,1988
Frequencies,2013
Baba Yaga: Terror of the Dark Forest,2020
Christine,1983
Adam's Apples,2005
The Party 2,1982
Little Big Man,1970
Jean de Florette,1986
Pain Hustlers,2023
Chinatown,1974
The Glass Castle,2017
Heart of Stone,2023
Let It Snow,2019
We're No Angels,1989
Changing Lanes,2002
In the Arms of an Assassin,2019
Maquia: When the Promised Flower Blooms,2018
The ComDads,1983
The Craft: Legacy,2020
Gilda,1946
The Sum of All Fears,2002
The Salesman,2016
The Man Who Fell to Earth,1976
Ace Ventura: When Nature Calls,1995
The Skeleton Twins,2014
Capricorn One,1977
The Ladykillers,1955
Borat Subsequent Moviefilm,2020
Our Little Sister,2015
The Sorcerer's Apprentice,2010
The Children,2008
Bridget Jones: The Edge of Reason,2004
My Neighbor Totoro,1988
Slow West,2015
Battle Royale,2000
Some Kind of Wonderful,1987
Collateral,2004
The Rules of Attraction,2002
Return of the Jedi,1983
The Angry Birds Movie,2016
Deathgasm,2015
La Vie en Rose,2007
Oedipus Rex,1967
Clueless,1995
Broken Flowers,2005
Frenzy,1972
Nope,2022
Severance,2006
Dark Blue,2002
Rolling to You,2018
"Batman: The Dark Knight Returns, Part 2",2013
In the Line of Fire,1993
Wildlife,2018
Jay and Silent Bob Strike Back,2001
Robots,2005
Border,2018
R.I.P.D. 2: Rise of the Damned,2022
Tampopo,1985
The Boat That Rocked,2009
Idiocracy,2006
The Killer,2022
Back to the Future,1985
The Accidental Spy,2001
Arlington Road,1999
Two Night Stand,2014
The Bar,2017
The Killer's Game,2024
Zapped,2014
Beastly,2011
Trolls World Tour,2020
Small Time Crooks,2000
Honey Boy,2019
Money Monster,2016
Eye in the Sky,2015
Dog Pound,2010
Clouds of Sils Maria,2014
Mulan,1998
Guardians of the Galaxy Vol. 2,2017
Adam's Rib,1949
After Ever Happy,2022
Assassination Games,2011
"Aguirre, the Wrath of God",1972
The Princess and the Frog,2009
The Warriors Gate,2016
Mongol: The Rise of Genghis Khan,2007
Apostle,2018
In the Mouth of Madness,1995
The Substance,2024
Rang De Basanti,2006
They Called Him Bulldozer,1978
The Final Cut,2004
EuroTrip,2004
Whiplash,2014
Chinese Zodiac,2012
Double Impact,1991
Take the Lead,2006
Brothers,2009
Tangerine,2015
Jurassic World: Fallen Kingdom,2018
Queen & Slim,2019
The Boy Who Harnessed the Wind,2019
Death Wish 3,1985
American Splendor,2003
Trolls Band Together,2023
Walkabout,1971
Trophy Wife,2010
Vivo,2021
Star Wars: The Last Jedi,2017
Maria Full of Grace,2004
Munna Bhai M.B.B.S.,2003
Mama,2013
Pather Panchali,1955
Partly Cloudy,2009
Three Floors,2021
River of No Return,1954
Parasite,2019
The Bear,1988
Wall Street,1987
I Do,2006
Unhinged,2020
The Rainmaker,1997
Logan,2017
One Flew Over the Cuckoo's Nest,1975
After Everything,2023
The Meyerowitz Stories (New and Selected),2017
Forbidden Games,1952
Dogville,2003
I'm Your Man,2021
The Vow,2012
The Super Mario Bros. Movie,2023
Blade Runner 2049,2017
The Old Oak,2023
Walk the Line,2005
Homeward Bound: The Incredible Journey,1993
Black Christmas,1974
Scarecrow,1973
A Thousand Words,2012
Dragon Ball Z: Lord Slug,1991
The Beguiled,1971
Rakka,2017
The Order,2024
Only Lovers Left Alive,2013
Four Brothers,2005
Eraserhead,1977
Rio Grande,1950
The Outsider,2018
Forgotten Love,2023
Raiders of the Lost Ark,1981
Christmas with the Kranks,2004
The Wild One,1953
The Greatest Showman,2017
Mamma Roma,1962
The Jungle Book,2016
Nightwatch,1997
Miss Pettigrew Lives for a Day,2008
The Exterminating Angel,1962
The Magnificent One,1973
Just Mercy,2019
Uptown Girls,2003
Timbuktu,2014
Scream 2,1997
Underworld: Rise of the Lycans,2009
Coffee and Cigarettes,2004
The Ledge,2011
The Map of Tiny Perfect Things,2021
Bad Boys for Life,2020
FernGully: The Last Rainforest,1992
Terminator Salvation,2009
Pitch Black,2000
Yu-Gi-Oh!: The Dark Side of Dimensions,2016
The Fast and the Furious,2001
Them Who?,2015
The Pianist,2002
Return of the Living Dead Part II,1988
Impostor,2001
Night School,2018
Quiz Show,1994
Problem Child,1990
Dear Santa,2024
Winchester '73,1950
Gaslight,1944
Drugstore Cowboy,1989
Lupin the Third: The Castle of Cagliostro,1979
The Count of Monte Cristo,2024
Mars Express,2023
My Little Pony: The Movie,2017
The Driver,1978
District 9,2009
Romancing the Stone,1984
Muriel's Wedding,1994
The Life of David Gale,2003
Chip 'n Dale: Rescue Rangers,2022
Happy as Lazzaro,2018
Alienoid: Return to the Future,2024
And So It Goes,2014
Homefront,2013
The Lie,2018
Totally Killer,2023
Minority Report,2002
La Grande Bouffe,1973
Babette's Feast,1987
The Age of Innocence,1993
The Water Diviner,2014
The Last Emperor,1987
eXistenZ,1999
The Birds,1963
Shattered Glass,2003
The Quick and the Dead,1995
Operation Fortune: Ruse de Guerre,2023
Lucky and Zorba,1998
Jack and the Cuckoo-Clock Heart,2014
Kinky Boots,2005
Jackass Presents: Bad Grandpa,2013
Away We Go,2009
Robin Hood,1973
Lethal Weapon 2,1989
Green Room,2016
Tron,1982
Uncut Gems,2019
The Transporter,2002
The Goonies,1985
Blue Jay,2016
Small Fry,2011
Summertime,2015
Loft,2008
Focus,2015
Alphaville,1965
Burn After Reading,2008
The Hitchhiker's Guide to the Galaxy,2005
Jungle Cruise,2021
Identity,2003
Nothing to Lose,1997
Camp Rock,2008
Diabolik,2021
Only Yesterday,1991
How Green Was My Valley,1941
The Three Musketeers,1993
Ricochet,1991
Traffic,2000
Once Upon a Time in Bethlehem,2019
Red Rock West,1993
Sergio,2020
After the Storm,2016
Primal: Tales of Savagery,2019
The Light Between Oceans,2016
Scared Shrekless,2010
Yes Man,2008
The Girl with the Dragon Tattoo,2011
The Sunset Limited,2011
Star Wars: The Clone Wars,2008
Shall We Dance?,2004
Lady and the Tramp,2019
Walking with Dinosaurs,2013
Legends of the Fall,1994
Sweet Girl,2021
I Love You Phillip Morris,2010
Steve Jobs,2015
Bad Samaritan,2018
The Old Guard,2020
Panic Room,2002
Final Destination,2000
The Night Clerk,2020
Mr. Right,2016
The Hot Chick,2002
The Night of the Hunter,1955
The Contractor,2022
The Hobbit: The Battle of the Five Armies,2014
Don Juan DeMarco,1994
Kursk,2018
Strays,2023
Un Chien Andalou,1929
Woody Woodpecker,2017
The Librarian: Return to King Solomon's Mines,2006
Elvira: Mistress of the Dark,1988
Imperium,2016
The Exorcism of God,2022
Fearless,1993
In the Shadow of the Moon,2019
The Flight of the Phoenix,1965
Eddie the Eagle,2016
Powder,1995
The Kids Are All Right,2010
Hitman's Wife's Bodyguard,2021
Luther,2003
The Sentinel,2006
Mars Attacks!,1996
Don Jon,2013
Shrek Forever After,2010
The Wandering Earth II,2023
2010,1984
Green Lantern: Emerald Knights,2011
Amarcord,1973
I Confess,1953
The Woman in Red,1984
Salem's Lot,2024
Dark Waters,2019
Odd Thomas,2013
The Art of Getting By,2011
Dolls,2002
The Adventures of Robin Hood,1938
Now You See Me 2,2016
Tangled: Before Ever After,2017
Cassandra's Dream,2007
The Legend of Bagger Vance,2000
The Great War,1959
Ghostbusters II,1989
An American in Paris,1951
Mud,2013
Julieta,2016
"Red, White & Royal Blue",2023
Captain Phillips,2013
Gosford Park,2001
Counterattack,2025
Star Wars: Episode II - Attack of the Clones,2002
Black and Blue,2019
The Bookshop,2017
Juliet of the Spirits,1965
Alice Doesn't Live Here Anymore,1974
Parthenope,2024
Ichi the Killer,2001
Zorba the Greek,1964
Tom and Jerry: The Movie,1992
The Burning,1981
Slither,2006
The Evil Dead,1981
Romy and Michele's High School Reunion,1997
Barbie: Princess Charm School,2011
I Killed My Mother,2009
Easy Rider,1969
Hollywood Ending,2002
The Secret of My Success,1987
Austin Powers in Goldmember,2002
Me Before You,2016
"The Good, the Bad, the Weird",2008
Dog Soldiers,2002
Slap Shot,1977
Wendy Wu: Homecoming Warrior,2006
SPY x FAMILY CODE: White,2023
Come Play,2020
Joy Ride,2001
Alibi.com 2,2023
The High Note,2020
One Man and his Cow,2016
Invasion of the Body Snatchers,1956
Tower Heist,2011
El Topo,1970
Diamonds Are Forever,1971
Dying Young,1991
The Perfection,2018
Strange Days,1995
Train to Busan,2016
The Shipping News,2001
3 Men and a Baby,1987
Your Friend the Rat,2007
The Cotton Club,1984
The Purge,2013
Frequently Asked Questions About Time Travel,2009
The Big Short,2015
Stir Crazy,1980
13 Sins,2014
32 Malasana Street,2020
The Three Musketeers: D'Artagnan,2023
Dune,1984
My Life in Ruins,2009
Isle of Dogs,2018
The Sessions,2012
The Shop Around the Corner,1940
57 Seconds,2023
If Only,2004
L.A. Confidential,1997
The Chalk Line,2022
Vera Drake,2004
16 Wishes,2010
God's Not Dead,2014
The Jewel of the Nile,1985
The Mission,1986
Choke,2008
Hellraiser,2022
"My Donkey, My Lover & I",2020
Step Up Revolution,2012
Goosebumps 2: Haunted Halloween,2018
My Big Fat Greek Wedding,2002
Drunken Master,1978
Pink Flamingos,1972
Wristcutters: A Love Story,2007
The Perfect Date,2019
Teen Beach Movie,2013
3096 Days,2013
I'm No Longer Here,2019
Mystery Train,1989
The Wrong Man,1956
The Shadow,1994
Stir of Echoes,1999
Shaolin Soccer,2001
Carnage,2011
Batman: Under the Red Hood,2010
Prom,2011
Miracle in Cell No. 7,2019
Guardians of the Galaxy,2014
Green Street Hooligans,2005
Think Like a Man Too,2014
Ice Age: Collision Course,2016
Adventures in Babysitting,1987
Sleepaway Camp,1983
Coach Carter,2005
Madagascar,2005
Wreck-It Ralph,2012
The Day After,1983
Rope,1948
Bedknobs and Broomsticks,1971
Bruce Almighty,2003
Halloween,2007
Metro,2013
Glengarry Glen Ross,1992
The Raid,2012
Sniper,1993
Tremors,1990
Taylor Swift: Reputation Stadium Tour,2018
Best in Show,2000
Basilicata Coast to Coast,2010
Super Fuzz,1980
Mission: Impossible II,2000
Rules of Engagement,2000
My Bloody Valentine,1981
Ocean's Eight,2018
She's Out of My League,2010
A Guide to Recognizing Your Saints,2006
Magic Mike,2012
The Hunger Games: Mockingjay - Part 1,2014
Stay,2005
The Other Woman,2014
Confessions of a Dangerous Mind,2002
Edge of Tomorrow,2014
The Three Burials of Melquiades Estrada,2005
I Spit on Your Grave 2,2013
A Christmas Carol,2009
The Healer,2017
Stardust,2007
Hocus Pocus 2,2022
Grown Ups,2010
The Translators,2019
The Notebook,2004
Boogie Nights,1997
Parkland,2013
I'm Thinking of Ending Things,2020
"White as Milk, Red as Blood",2013
We Were Soldiers,2002
Kubo and the Two Strings,2016
Joy Ride,2023
The Walk,2015
You Don't Know Jack,2010
The Eyes of My Mother,2016
Murder on the Orient Express,1974
Vertical Limit,2000
Beetlejuice,1988
The Ghost and Mrs. Muir,1947
Green Zone,2010
The Train,1964
Berserk: The Golden Age Arc II - The Battle for Doldrey,2012
"Miraculous: Ladybug & Cat Noir, The Movie",2023
Paper Towns,2015
Fight Club,1999
The Blackening,2023
Nightmare Alley,2021
The Roundup: No Way Out,2023
Milk,2008
Layer Cake,2004
Ted,2012
The Ramen Girl,2008
Millennium Actress,2002
Jumanji: Welcome to the Jungle,2017
Mad Max,1979
The Passenger,1975
Splinter,2008
Paterson,2016
The Thin Man,1934
The First Omen,2024
American Pie,1999
Hannibal Rising,2007
Dragon Ball: Yo! Son Goku and His Friends Return!!,2008
Transformers: Dark of the Moon,2011
From Beyond,1986
Blade Runner,1982
Leo,2023
Frankenweenie,2012
City of Lies,2018
What's Love Got to Do with It,1993
Last Christmas,2019
Coherence,2013
The Odd Life of Timothy Green,2012
Critters,1986
The Naked Gun 2½: The Smell of Fear,1991
Maleficent: Mistress of Evil,2019
Holidate,2020
Mysterious Skin,2005
7500,2019
The Exorcism of Emily Rose,2005
News of the World,2020
Road House,2024
Repo Man,1984
Scarface,1932
The Fly,1986
Gentlemen Prefer Blondes,1953
The Cutting Edge,1992
Warm Bodies,2013
Ophelia,2019
Meet Joe Black,1998
Horizon: An American Saga - Chapter 1,2024
Machete,2010
Queenpins,2021
Riki-Oh: The Story of Ricky,1991
The Woman in the Window,2021
Never Let Me Go,2010
The Crucible,1996
Girl with a Pearl Earring,2003
Ticket to Paradise,2022
Superman: Unbound,2013
Kung Fu Panda,2008
22 July,2018
M3GAN,2022
The Gambler,2014
"Someone, Somewhere",2019
Angels with Dirty Faces,1938
Unleashed,2005
Wheelman,2017
Poison,2023
Message in a Bottle,1999
Lion,2016
The Brave One,2007
Justice League: Crisis on Two Earths,2010
City Slickers,1991
Leto,2018
11:14,2003
Three Little Pigs,1933
Malena,2000
DC League of Super-Pets,2022
Fletch,1985
Anastasia,1997
Resident Evil: Apocalypse,2004
To Be or Not to Be,1942
Gothika,2003
I Stand Alone,1998
Cypher,2002
The Lost Weekend,1945
Think Like a Man,2012
99 Homes,2015
Shoot 'Em Up,2007
Searching,2018
Barbarian,2022
Oliver!,1968
The Vault,2021
Marcel the Shell with Shoes On,2022
Fast Food Nation,2006
Kiss the Girls,1997
When Mom Is Away,2019
The Equalizer,2014
Nightbreed,1990
The Gold Rush,1925
The Perfect Storm,2000
He Got Game,1998
Stranger Than Paradise,1984
The Master,2012
Instinct,1999
M,1931
The Commitments,1991
Lemonade Mouth,2011
The Celebration,1998
5 Centimeters per Second,2007
The Kite Runner,2007
The Ash Lad: In the Hall of the Mountain King,2017
My Life Without Me,2003
Turkish for Beginners,2012
Beau Is Afraid,2023
Casablanca,1943
Tracers,2015
Being There,1979
Dirty Pretty Things,2002
Rocky II,1979
Jappeloup,2013
Toni Erdmann,2016
Step Up 3D,2010
Max & Leon,2016
Bridget Jones's Diary,2001
A Walk to Remember,2002
The Amazing Spider-Man,2012
Major Payne,1995
Pooh's Heffalump Movie,2005
The Brave Little Toaster,1987
Sukiyaki Western Django,2007
Bohemian Rhapsody,2018
Tremors 2: Aftershocks,1996
The Sword in the Stone,1963
The Choice,2016
Friday the 13th: The Final Chapter,1984
The Roundup,2022
Triangle of Sadness,2022
La Belle Époque,2019
Purple Hearts,2022
Harry Potter and the Philosopher's Stone,2001
Pope Joan,2009
Mindhunters,2004
The Perks of Being a Wallflower,2012
Far from the Madding Crowd,2015
Team Thor,2016
A Rainy Day in New York,2019
Jumanji: The Next Level,2019
Saving Grace,2000
Wonder Woman 1984,2020
Silver Bullet,1985
RoboCop 2,1990
Cocktail,1988
Primer,2004
"Veinteañera, divorciada y fantástica",2020
Fear Street: 1994,2021
Legend,2015
Ghostbusters: Afterlife,2021
Arctic,2018
Up in Smoke,1978
Percy Jackson & the Olympians: The Lightning Thief,2010
Twelve Monkeys,1995
Experimenter,2015
The Finest Hours,2016
13 Hours: The Secret Soldiers of Benghazi,2016
An Italian Name,2015
ACAB : All Cops Are Bastards,2012
Anatomy of a Murder,1959
The Thing,2011
New Jack City,1991
Infernal Affairs III,2003
Paperman,2012
Angst,1983
True Romance,1993
The Cranes Are Flying,1957
4th Man Out,2015
Harakiri,1962
Our Little Secret,2024
Blood Simple,1984
Brother,2000
mother!,2017
"The Chronicles of Narnia: The Lion, the Witch and the Wardrobe",2005
Equals,2015
War Horse,2011
Die Hard,1988
You've Got Mail,1998
Colette,2018
The United States of Leland,2003
The Lion in Winter,1968
The Secret: Dare to Dream,2020
Music and Lyrics,2007
Final Destination 2,2003
Hidden Strike,2023
Doctor Who: The Day of the Doctor,2013
"Good Luck to You, Leo Grande",2022
The Pit and the Pendulum,1961
Evita,1996
mid90s,2018
Sydney White,2007
The Measure of a Man,2015
Bottle Rocket,1996
Kingdoms,2018
Work It,2020
Awakenings,1990
The Wizard,1989
Chef,2014
Like Father,2018
The Tailor of Panama,2001
The Last Circus,2010
Star Wars: Episode III - Revenge of the Sith,2005
Midway,2019
For the Birds,2000
Joy,2015
Security,2017
Haunted Mansion,2023
The Housemaid,2010
The Triplets of Belleville,2003
Dracula,1958
Desert Flower,2009
All Dogs Go to Heaven,1989
Southpaw,2015
The Invisible,2007
Off Course,2015
Carbone,2017
Smoking Causes Coughing,2022
Tom & Jerry,2021
The Sound of Music,1965
Inherent Vice,2014
Kon-Tiki,2012
Mayhem,2017
Gone Girl,2014
Sextuplets,2019
13 Going on 30,2004
The Shining,1980
Weathering with You,2019
Overdrive,2017
Gladiator II,2024
The Insider,1999
Born on the Fourth of July,1989
Fury,2014
50 First Dates,2004
The Twilight Saga: Breaking Dawn - Part 2,2012
Wyrmwood: Road of the Dead,2014
Power Rangers,2017
Halloweentown High,2004
Young Woman and the Sea,2024
Dangerous Minds,1995
Pretty Baby,1978
To Have and Have Not,1945
Women on the Verge of a Nervous Breakdown,1988
Monos,2019
Prince Avalanche,2013
Freddy vs. Jason,2003
Candyman,2021
The Boogeyman,2023
The Sandlot,1993
The City of Lost Children,1995
Murder on the Orient Express,2017
Pride and Prejudice and Zombies,2016
Cocoon,1985
Cinderella,2021
Blue Is the Warmest Color,2013
Madagascar 3: Europe's Most Wanted,2012
16 Blocks,2006
Guava Island,2019
Despicable Me 4,2024
Salmon Fishing in the Yemen,2012
Dead in a Week (Or Your Money Back),2018
Saturn in Opposition,2007
The Miser,1980
Close Encounters of the Third Kind,1977
The House of the Devil,2009
Girl in the Basement,2021
The Commuter,2018
Crazy/Beautiful,2001
The Parent Trap,1961
The Human Stain,2003
The Return of Godzilla,1984
Wadjda,2012
Sherlock Holmes,2009
The Greatest Beer Run Ever,2022
Dangerous Lies,2020
A Quiet Place,2018
God's Crooked Lines,2022
My Friends,1975
Furious 7,2015
Brick,2006
Kagemusha,1980
God Willing,2015
Why Him?,2016
What's Eating Gilbert Grape,1993
The China Syndrome,1979
Once Upon a Time in the West,1968
Back to the Outback,2021
Dragon Ball Z: The History of Trunks,1993
Escape from the Planet of the Apes,1971
Jeepers Creepers 2,2003
"Ruby Gillman, Teenage Kraken",2023
Rushmore,1998
EO,2022
Fireworks,1997
Godzilla: Planet of the Monsters,2017
Anna,2013
Braven,2018
The Other Woman,2010
In the Valley of Elah,2007
Kajillionaire,2020
Beauty and the Beast: The Enchanted Christmas,1997
UFO,2018
A Better Tomorrow,1986
A Walk Among the Tombstones,2014
Pan's Labyrinth,2006
Bloody Sunday,2002
Return to the Blue Lagoon,1991
48 Hrs.,1982
Ted 2,2015
No Game No Life: Zero,2017
Valkyrie,2008
"Two Days, One Night",2014
"Paris, Texas",1984
"Good Luck Charlie, It's Christmas!",2011
Naked Gun 33⅓: The Final Insult,1994
Project Almanac,2015
Aloha Scooby-Doo!,2005
The Best Years of Our Lives,1946
Sanjuro,1962
Letters from Iwo Jima,2006
Despite Everything,2019
Thumbelina,1994
Enemy of the State,1998
Boy A,2007
Joe Kidd,1972
Welcome to the Sticks,2008
Home Again,2017
Oppenheimer,2023
Chocolat,2000
The Other Boleyn Girl,2008
The Hunt for Red October,1990
Alpha Dog,2006
Asteroid City,2023
Respect,2021
The Texas Chainsaw Massacre,2003
Rango,2011
Shrek the Third,2007
Swiss Army Man,2016
Storks,2016
Hypnotic,2023
Winter Sleep,2014
Class of 1984,1982
A Night at the Roxbury,1998
Death Wish,2018
Reign Over Me,2007
Hidden Kisses,2016
Juror #2,2024
Back in Action,2025
Friday the 13th Part VI: Jason Lives,1986
A Monster in Paris,2011
Moulin Rouge!,2001
Last Knights,2015
Regarding Henry,1991
Manhattan,1979
"Paul, Apostle of Christ",2018
American History X,1998
Avengers: Endgame,2019
Scrooge: A Christmas Carol,2022
Words on Bathroom Walls,2020
Priscilla,2023
Creepshow,1982
The Muppets,2011
The Time Traveler's Wife,2009
The Equalizer 2,2018
The Switch,2010
This Beautiful Fantastic,2016
Cracks,2009
Divorce French Style,2016
Amsterdam,2022
The Mirror Has Two Faces,1996
Gummo,1997
The Gilded Cage,2013
Anatomy of a Fall,2023
Babel,2006
Vampire Academy,2014
Possession,1981
Chernobyl: Abyss,2021
Cuban Fury,2014
The Survivalist,2015
The Little Shop of Horrors,1960
The Social Network,2010
Heaven's Gate,1980
Blacklight,2022
Love & Mercy,2015
Celeste & Jesse Forever,2012
The Taking of Pelham One Two Three,1974
The Grinch,2018
Babyteeth,2020
The Clovehitch Killer,2018
Housesitter,1992
Dangerous Liaisons,1988
Slumdog Millionaire,2008
The Deep House,2021
The General's Daughter,1999
The Indian in the Cupboard,1995
Gone Baby Gone,2007
A Civil Action,1998
Canary Black,2024
The Man with the Iron Heart,2017
Last Tango in Paris,1972
Frontier(s),2007
Attraction,2017
Se7en,1995
Disenchanted,2022
Sophie's Choice,1982
The Swimmers,2022
Road Trip,2000
Dragon Ball Super: Super Hero,2022
High School Musical 3: Senior Year,2008
Election,1999
Treasure Planet,2002
Hell House LLC,2015
Still Time,2023
Hellhole,2022
The Second Mother,2015
The African Doctor,2016
Tomboy,2011
Bloodshot,2020
Lean On Me,1989
Once Upon a Time in Anatolia,2011
Road to Ninja: Naruto the Movie,2012
Courage Under Fire,1996
The Lighthouse,2019
The Apprentice,2024
Thor: The Dark World,2013
The Cheetah Girls,2003
The Bridges of Madison County,1995
The Red Shoes,1948
Shazam!,2019
The Heir Apparent: Largo Winch,2008
Thunderbolt,1995
The First Wives Club,1996
Mutiny on the Bounty,1935
Minions: The Rise of Gru,2022
Day of the Dead,1985
Chinese Puzzle,2013
Murder Mystery 2,2023
Lee,2024
Lake Mungo,2009
The Fury of a Patient Man,2016
Kidnapping Mr. Heineken,2015
Anchorman 2: The Legend Continues,2013
Flow,2024
Teen Titans: Trouble in Tokyo,2006
LEGO Star Wars Holiday Special,2020
Populaire,2012
The Full Monty,1997
I Spit on Your Grave,2010
An Egg Rescue,2021
The Truman Show,1998
Master Z: Ip Man Legacy,2018
Every Day,2018
Rifkin’s Festival,2020
Talk to Me,2022
The Blue Angel,1930
Singin' in the Rain,1952
Batman Begins,2005
Hesher,2010
A Girl Walks Home Alone at Night,2014
Batman & Mr. Freeze: SubZero,1998
Transporter 2,2005
Defiance,2008
Time Freak,2018
Three Colors: White,1994
Happily Mixed Up,2014
To Catch a Thief,1955
Wonder,2017
Instant Family,2018
Going in Style,2017
The Son,2022
North Country,2005
Sound of My Voice,2011
Untraceable,2008
Cannibal Holocaust,1980
Guillermo del Toro's Pinocchio,2022
Trash,2014
Out for Justice,1991
Enola Holmes,2020
Shark Tale,2004
Everything Is Illuminated,2005
Dragon Ball: Episode of Bardock,2011
Fanny and Alexander,1982
The Cursed,2021
Guarding Tess,1994
The Lego Movie 2: The Second Part,2019
The Party,2017
The Girl with All the Gifts,2016
I'm Not There,2007
C'est la vie!,2017
Apocalypse Now,1979
Red Rocket,2021
Star Wars: The Force Awakens,2015
Murder Mystery,2019
Toy Soldiers,1991
Ninja Assassin,2009
Blood Diamond,2006
Insidious: Chapter 3,2015
Gandhi,1982
In Hell,2003
Descendants 3,2019
Escape Room: Tournament of Champions,2021
Underwater,2020
Robot & Frank,2012
Airplane Mode,2020
Finding ʻOhana,2021
Better Watch Out,2017
"tick, tick... BOOM!",2021
The Bourne Legacy,2012
Go for It,1983
Calibre,2018
Peaceful Warrior,2006
Bordertown,2007
It's Complicated,2009
Philomena,2013
The Fundamentals of Caring,2016
The Bourne Supremacy,2004
Jimmy Neutron: Boy Genius,2001
Abigail,2024
Groot's First Steps,2022
The Children's Hour,1961
The Sicilian Clan,1969
The Hurricane,1999
Capernaum,2018
After Yang,2022
Nefarious,2023
Underworld: Evolution,2006
Harold & Kumar Go to White Castle,2004
The Big Boss,1971
Free Fire,2017
Tolkien,2019
Evil Dead Rise,2023
Hook,1991
Spell,2020
Mighty Aphrodite,1995
Jump In!,2007
Orphan,2009
Life as a House,2001
Get Hard,2015
Clerks II,2006
It Ends with Us,2024
Heaven Can Wait,1978
Flesh + Blood,1985
Tini: The New Life of Violetta,2016
We're Back! A Dinosaur's Story,1993
Before Midnight,2013
Smurfs: The Lost Village,2017
Killer Joe,2012
Night of the Living Dead,1990
Safe House,2012
The Class,2008
Carl's Date,2023
PAW Patrol: The Mighty Movie,2023
PlayTime,1967
The Librarian: The Curse of the Judas Chalice,2008
Seraphim Falls,2007
About Time,2013
Police Story 2,1988
Risky Business,1983
Decision to Leave,2022
The Beat That My Heart Skipped,2005
Keeping the Faith,2000
The Wolf of Wall Street,2013
"Mektoub, My Love: Canto Uno",2017
Sonatine,1993
The Brand New Testament,2015
The Forbidden Kingdom,2008
Black Book,2006
Florence Foster Jenkins,2016
Werewolves,2024
Hairspray,1988
The Innocents,2021
"Toto, Peppino, and the Hussy",1956
Teenage Mutant Ninja Turtles II: The Secret of the Ooze,1991
Beginners,2011
Frozen River,2008
The Spanish Apartment,2002
Kabhi Khushi Kabhie Gham,2001
Asterix and the Big Fight,1989
Mother's Day,2010
Babe,1995
Letters to Juliet,2010
The African Queen,1952
King Arthur,2004
Rocketman,2019
As the Gods Will,2014
Stealing Beauty,1996
Autumn in New York,2000
Battlestar Galactica: The Plan,2009
Get Carter,1971
Avatar: The Way of Water,2022
Warrior,2011
Lights Out,2013
A Little Princess,1995
Silent Night,2023
Ms .45,1981
Law of Desire,1987
Second Act,2018
Grabbers,2012
Diary of a Wimpy Kid: Rodrick Rules,2011
The November Man,2014
To All the Boys I've Loved Before,2018
Matchstick Men,2003
Tenacious D in The Pick of Destiny,2006
Buzz Lightyear of Star Command: The Adventure Begins,2000
Final Fantasy VII: Advent Children,2005
Be Kind Rewind,2008
The Christmas Chronicles: Part Two,2020
"Cyrano, My Love",2018
The Personal History of David Copperfield,2019
Pumpkinhead,1988
Trolls,2016
Ali G Indahouse,2002
The Secret Life of Bees,2008
The Front Page,1974
The Spy Who Dumped Me,2018
New York Minute,2004
The Fortune Cookie,1966
The Secret Life of Pets 2,2019
War of the Worlds,2005
Suburra,2015
Candy,2006
Goosebumps,2015
Bad Seeds,2018
Better Man,2024
Freaks Out,2021
Dances with Wolves,1990
Godzilla: Final Wars,2004
Serendipity,2001
Barbie in Rock 'N Royals,2015
The Doors,1991
Do the Right Thing,1989
The Purge: Election Year,2016
Independence Day,1996
Heartbeats,2010
Scanners,1981
Spencer,2021
Jigsaw,2017
The Holiday,2006
Brittany Runs a Marathon,2019
45 Years,2015
U-571,2000
The Night Eats the World,2018
Inception,2010
The Wrath of Becky,2023
Two Mules for Sister Sara,1970
Ida,2013
Meet the Fockers,2004
The Princess Bride,1987
To the Bone,2017
Pokémon: Mewtwo Returns,2001
Transformers,2007
Kiss Kiss Bang Bang,2005
Tallulah,2016
American Gigolo,1980
Becky,2020
Gundala,2019
Pokémon the Movie: I Choose You!,2017
Death on the Nile,2022
"Greystoke: The Legend of Tarzan, Lord of the Apes",1984
Cars 3,2017
Lisbela and the Prisoner,2003
Immortal Beloved,1994
How to Have Sex,2023
The Land Before Time V: The Mysterious Island,1997
SlugTerra: Return of the Elementals,2014
All the President's Men,1976
Bernie,2012
Eight Below,2006
Patients,2017
Pat Garrett & Billy the Kid,1973
Grumpy Old Men,1993
The Kentucky Fried Movie,1977
The Empty Man,2020
Time Bandits,1981
Wind River,2017
The Specials,2019
Two Is a Family,2016
A Room with a View,1986
Thor: Love and Thunder,2022
Funny Games,1997
Anora,2024
Changeling,2008
"Tad, the Lost Explorer and the Emerald Tablet",2022
Ne Zha,2019
I Still Believe,2020
Creation of the Gods I: Kingdom of Storms,2023
Eternals,2021
Little Big Soldier,2010
DuckTales: The Movie - Treasure of the Lost Lamp,1990
The Departed,2006
Our Kind of Traitor,2016
The Proposition,2005
The Wrong Missy,2020
The Wrestler,2008
Aniara,2019
Zulu,2013
The Purity of Vengeance,2018
Becoming Jane,2007
Nick and Norah's Infinite Playlist,2008
Okja,2017
Yummy,2019
Operation Finale,2018
Public Enemies,2009
The Florida Project,2017
The Strange Thing About the Johnsons,2011
Batman: The Killing Joke,2016
Invisible Life,2019
Maestro,2023
Alita: Battle Angel,2019
The Hating Game,2021
C'mon C'mon,2021
The Dark and the Wicked,2020
School Life,2019
Thirteen Days,2000
Lost Girls,2020
American Beauty,1999
Outland,1981
Scooby-Doo! and the Witch's Ghost,1999
Titan A.E.,2000
The Taste of Things,2023
Steamboat Willie,1928
Arsenic and Old Lace,1944
Yannick,2023
Ooops! Noah Is Gone...,2015
Cold Skin,2017
Dolemite Is My Name,2019
Bring It On,2000
Senseless,1998
Fifty Shades Freed,2018
Emancipation,2022
The Man Without a Face,1993
Willy Wonka & the Chocolate Factory,1971
Scott Pilgrim vs. the World,2010
Victoria,2015
The King and the Mockingbird,1980
They Live,1988
Where Am I Going?,2016
Keep an Eye Out,2018
Universal Soldier,1992
Death and the Maiden,1994
Mildred Pierce,1945
The Treasure of the Sierra Madre,1948
Toy Story 2,1999
Down Periscope,1996
Pee-wee's Big Adventure,1985
Rememory,2017
Superman: Man of Tomorrow,2020
God Bless America,2012
How to Lose a Guy in 10 Days,2003
Full Out,2015
The Art of the Steal,2013
Chaos,2005
The Godfather,1972
The Lunchbox,2013
The Last Stand,2013
The Back-Up Plan,2010
Kalashnikov AK-47,2020
Creep,2014
Rascal Does Not Dream of a Dreaming Girl,2019
Carrie,1976
The Invisible Guardian,2017
The Time Machine,2002
Superwho?,2022
Jingle All the Way,1996
Predator 2,1990
Locke,2014
Rebel Without a Cause,1955
The 51st State,2001
The Mermaid: Lake of the Dead,2018
Phantom Thread,2017
"Germany, Year Zero",1948
Lightyear,2022
Brooklyn's Finest,2010
Taken 3,2014
About Elly,2009
Force Majeure,2014
Big Fish & Begonia,2016
Turner & Hooch,1989
As Good as It Gets,1997
Battleship Potemkin,1925
The Tale of Despereaux,2008
Tyrannosaur,2011
The Rookie,2002
Justice League vs. Teen Titans,2016
Hiroshima Mon Amour,1959
Your Place or Mine,2023
In the Mood for Love,2000
Predator,1987
Real Genius,1985
Grand Illusion,1937
Cousins,2019
Romantics Anonymous,2010
Princess Mononoke,1997
Coma,1978
A Fistful of Dollars,1964
The Big Red One,1980
Hereditary,2018
Act of Valor,2012
Quartet,2012
John Tucker Must Die,2006
Shortbus,2006
UglyDolls,2019
French Kiss,1995
Barbershop,2002
Luck,2022
The Karate Kid,2010
Don't Tell Mom the Babysitter's Dead,1991
Teenage Mutant Ninja Turtles: Out of the Shadows,2016
Stargate: The Ark of Truth,2008
Squared Love,2021
Across the Universe,2007
The Man Who Knew Infinity,2016
Cowboy Bebop: The Movie,2001
Lawrence of Arabia,1962
Beckett,2021
How High,2001
Light of My Life,2019
Bringing Up Baby,1938
Armageddon,1998
Nights in Rodanthe,2008
He Even Has Your Eyes,2017
Self/less,2015
Smallfoot,2018
Fear City: A Family-Style Comedy,1994
The Champion,2019
Pacific Rim: Uprising,2018
The Fly,1958
Joe,2014
MouseHunt,1997
The Old Ways,2021
Life-Size,2000
Balto,1995
Under the Shadow,2016
The Other Side of Hope,2017
The Rebound,2009
The Constant Gardener,2005
Unsane,2018
Interiors,1978
Conquest of the Planet of the Apes,1972
Kill Bill: The Whole Bloody Affair,2011
A Bug's Life,1998
The Secret Garden,1993
Metal Lords,2022
Return to Never Land,2002
Black Box,2020
Barbie in the Pink Shoes,2013
Arthur the King,2024
The Body,2012
Chicken Run,2000
Smokey and the Bandit,1977
Late Night with the Devil,2024
Coco Before Chanel,2009
Ultraman: Rising,2024
A Star Is Born,1954
The Professionals,1966
Single All the Way,2021
Ramona and Beezus,2010
Ad Astra,2019
Scooby-Doo! WrestleMania Mystery,2014
A Beautiful Mind,2001
The Conjuring: The Devil Made Me Do It,2021
A Quiet Place: Day One,2024
Pleasure,2021
Airplane II: The Sequel,1982
Inception: The Cobol Job,2010
Needful Things,1993
The Texas Chainsaw Massacre: The Beginning,2006
Infinite,2021
Veronica,2017
Shooter,2007
Rogue One: A Star Wars Story,2016
Immaculate,2024
True Grit,2010
Irish Wish,2024
Equilibrium,2002
The Intruder,2019
Tom at the Farm,2014
The Blob,1988
"Ugly, Dirty and Bad",1976
They Call Me Trinity,1970
The Jacket,2005
The Young Victoria,2009
Mavka: The Forest Song,2023
Feast,2005
Radius,2017
New Gods: Nezha Reborn,2021
Stripes,1981
Spies in Disguise,2019
Donnie Darko,2001
The Prestige,2006
The Wolf's Call,2019
You Were Never Really Here,2017
Damsel,2024
Little White Lies,2010
Let It Shine,2012
The Horse Whisperer,1998
Tears of the Sun,2003
Rurouni Kenshin Part II: Kyoto Inferno,2014
The Wild Robot,2024
Star Trek: Insurrection,1998
No Reservations,2007
The Three Musketeers,1973
Faces in the Crowd,2011
The Simpsons in Plusaversary,2021
The Woman,2011
Arrival,2016
Lift,2024
The Jackal,1997
American Pie Presents: Girls' Rules,2020
